Month_Date,Category,Region,Sales,Year,Month,Quarter,Sales_Lag_1,Sales_Lag_2,Sales_Lag_3,Rolling_3_Month_Average,Sales_Growth
2023-04-01,Accessories,Central,59095.03,2023,4,2,102361.06,42132.22,61097.83,68530.37,1.4295197357271938
2023-05-01,Accessories,Central,25314.51,2023,5,2,59095.03,102361.06,42132.22,67862.77,-0.42268055840766006
2023-06-01,Accessories,Central,73997.25,2023,6,2,25314.51,59095.03,102361.06,62256.86666666667,-0.5716304738317249
2023-07-01,Accessories,Central,113467.75,2023,7,3,73997.25,25314.51,59095.03,52802.26333333333,1.9231160310825692
2023-08-01,Accessories,Central,135230.82,2023,8,3,113467.75,73997.25,25314.51,70926.50333333334,0.5334049576166682
2023-09-01,Accessories,Central,59663.06,2023,9,3,135230.82,113467.75,73997.25,107565.27333333333,0.19179960825873432
2023-10-01,Accessories,Central,41006.48,2023,10,4,59663.06,135230.82,113467.75,102787.21,-0.5588057515291263
2023-11-01,Accessories,Central,94202.9,2023,11,4,41006.48,59663.06,135230.82,78633.45333333334,-0.31269901342639805
2023-12-01,Accessories,Central,145446.82,2023,12,4,94202.9,41006.48,59663.06,64957.48,1.2972686268121523
2024-01-01,Accessories,Central,43954.53999999999,2024,1,1,145446.82,94202.9,41006.48,93552.06666666667,0.5439739116311708
2024-02-01,Accessories,Central,60032.95,2024,2,1,43954.53999999999,145446.82,94202.9,94534.75333333334,-0.6977964867159008
2024-03-01,Accessories,Central,122170.63,2024,3,1,60032.95,43954.53999999999,145446.82,83144.77,0.36579634322188337
2024-04-01,Accessories,Central,62816.04,2024,4,2,122170.63,60032.95,43954.53999999999,75386.04,1.0350595797807705
2024-05-01,Accessories,Central,130064.18,2024,5,2,62816.04,122170.63,60032.95,81673.20666666668,-0.4858335428081201
2024-06-01,Accessories,Central,70848.27,2024,6,2,130064.18,62816.04,122170.63,105016.95,1.0705568195639201
2024-07-01,Accessories,Central,118505.61,2024,7,3,70848.27,130064.18,62816.04,87909.49666666666,-0.4552822306648917
2024-08-01,Accessories,Central,65761.9,2024,8,3,118505.61,70848.27,130064.18,106472.68666666666,0.6726676600571897
2024-09-01,Accessories,Central,144097.04,2024,9,3,65761.9,118505.61,70848.27,85038.59333333334,-0.44507352858653704
2024-10-01,Accessories,Central,147228.37,2024,10,4,144097.04,65761.9,118505.61,109454.85000000002,1.1911933809698323
2024-11-01,Accessories,Central,80025.35,2024,11,4,147228.37,144097.04,65761.9,119029.10333333333,0.021730703142826435
2024-12-01,Accessories,Central,152616.87,2024,12,4,80025.35,147228.37,144097.04,123783.58666666667,-0.4564542825543745
2025-01-01,Accessories,Central,169412.26,2025,1,1,152616.87,80025.35,147228.37,126623.52999999998,0.9071065606086071
2025-02-01,Accessories,Central,56676.87,2025,2,1,169412.26,152616.87,80025.35,134018.16,0.11004936741265903
2025-03-01,Accessories,Central,89101.92,2025,3,1,56676.87,169412.26,152616.87,126235.33333333336,-0.6654500093440698
2025-04-01,Accessories,Central,178921.03,2025,4,2,89101.92,56676.87,169412.26,105063.68333333335,0.5721037523772925
2025-05-01,Accessories,Central,93865.08,2025,5,2,178921.03,89101.92,56676.87,108233.27333333333,1.008049097034048
2025-06-01,Accessories,Central,40191.23,2025,6,2,93865.08,178921.03,89101.92,120629.34333333334,-0.47538263109708234
2025-07-01,Accessories,Central,170716.46,2025,7,3,40191.23,93865.08,178921.03,104325.77999999998,-0.5718191472270624
2025-08-01,Accessories,Central,141704.97999999998,2025,8,3,170716.46,40191.23,93865.08,101590.92333333334,3.247604763526769
2025-09-01,Accessories,Central,121645.22,2025,9,3,141704.97999999998,170716.46,40191.23,117537.55666666664,-0.16993955943088335
2025-10-01,Accessories,Central,165791.09,2025,10,4,121645.22,141704.97999999998,170716.46,144688.88666666666,-0.1415600213909206
2025-11-01,Accessories,Central,70625.69,2025,11,4,165791.09,121645.22,141704.97999999998,143047.09666666665,0.3629067381357032
2025-12-01,Accessories,Central,184839.44,2025,12,4,70625.69,165791.09,121645.22,119354.0,-0.5740079276877907
2023-04-01,Accessories,East,118014.31,2023,4,2,45290.270000000004,179396.55,143101.82,122596.21333333333,-0.7475410201589718
2023-05-01,Accessories,East,167371.64,2023,5,2,118014.31,45290.270000000004,179396.55,114233.71,1.6057320921248643
2023-06-01,Accessories,East,139752.89,2023,6,2,167371.64,118014.31,45290.270000000004,110225.40666666668,0.41823173816802406
2023-07-01,Accessories,East,120345.04,2023,7,3,139752.89,167371.64,118014.31,141712.94666666668,-0.1650145150038561
2023-08-01,Accessories,East,85838.58,2023,8,3,120345.04,139752.89,167371.64,142489.85666666666,-0.13887262009393875
2023-09-01,Accessories,East,113584.41,2023,9,3,85838.58,120345.04,139752.89,115312.17,-0.2867293907584392
2023-10-01,Accessories,East,113030.26,2023,10,4,113584.41,85838.58,120345.04,106589.34333333334,0.3232326303627111
2023-11-01,Accessories,East,127363.89,2023,11,4,113030.26,113584.41,85838.58,104151.08333333333,-0.004878750525710407
2023-12-01,Accessories,East,37022.43,2023,12,4,127363.89,113030.26,113584.41,117992.85333333333,0.12681232441648826
2024-01-01,Accessories,East,185644.05,2024,1,1,37022.43,127363.89,113030.26,92472.19333333334,-0.7093176880825484
2024-02-01,Accessories,East,143830.16999999998,2024,2,1,185644.05,37022.43,127363.89,116676.79,4.0143669661877945
2024-03-01,Accessories,East,103378.24,2024,3,1,143830.16999999998,185644.05,37022.43,122165.54999999999,-0.22523684438041514
2024-04-01,Accessories,East,133125.37,2024,4,2,103378.24,143830.16999999998,185644.05,144284.15333333332,-0.2812478772708117
2024-05-01,Accessories,East,167081.01,2024,5,2,133125.37,103378.24,143830.16999999998,126777.92666666665,0.2877504008580527
2024-06-01,Accessories,East,84894.56999999999,2024,6,2,167081.01,133125.37,103378.24,134528.20666666667,0.2550651314621699
2024-07-01,Accessories,East,120067.25,2024,7,3,84894.56999999999,167081.01,133125.37,128366.98333333334,-0.4918957576327795
2024-08-01,Accessories,East,157682.1,2024,8,3,120067.25,84894.56999999999,167081.01,124014.27666666667,0.41431012607755724
2024-09-01,Accessories,East,59288.0,2024,9,3,157682.1,120067.25,84894.56999999999,120881.30666666666,0.3132815151508843
2024-10-01,Accessories,East,166596.18,2024,10,4,59288.0,157682.1,120067.25,112345.78333333333,-0.6240029781439999
2024-11-01,Accessories,East,178063.17,2024,11,4,166596.18,59288.0,157682.1,127855.42666666665,1.809947712859263
2024-12-01,Accessories,East,80832.70999999999,2024,12,4,178063.17,166596.18,59288.0,134649.11666666667,0.06883105002767786
2025-01-01,Accessories,East,109171.08,2025,1,1,80832.70999999999,178063.17,166596.18,141830.68666666668,-0.546044754791235
2025-02-01,Accessories,East,94873.22,2025,2,1,109171.08,80832.70999999999,178063.17,122688.98666666668,0.3505804766412015
2025-03-01,Accessories,East,125236.46,2025,3,1,94873.22,109171.08,80832.70999999999,94959.00333333334,-0.13096746867393816
2025-04-01,Accessories,East,102660.06,2025,4,2,125236.46,94873.22,109171.08,109760.25333333334,0.32004015464005553
2025-05-01,Accessories,East,148913.65,2025,5,2,102660.06,125236.46,94873.22,107589.91333333333,-0.18027018649361382
2025-06-01,Accessories,East,92189.39,2025,6,2,148913.65,102660.06,125236.46,125603.39000000001,0.450550973767208
2025-07-01,Accessories,East,147639.13,2025,7,3,92189.39,148913.65,102660.06,114587.7,-0.38092048646984344
2025-08-01,Accessories,East,88262.76,2025,8,3,147639.13,92189.39,148913.65,129580.72333333333,0.6014763737996314
2025-09-01,Accessories,East,138093.46,2025,9,3,88262.76,147639.13,92189.39,109363.76,-0.4021723102811565
2025-10-01,Accessories,East,149049.2,2025,10,4,138093.46,88262.76,147639.13,124665.11666666665,0.5645721933010026
2025-11-01,Accessories,East,92244.94,2025,11,4,149049.2,138093.46,88262.76,125135.14,0.07933569048092526
2025-12-01,Accessories,East,182123.83,2025,12,4,92244.94,149049.2,138093.46,126462.53333333333,-0.3811108009972546
2023-04-01,Accessories,North,156625.1,2023,4,2,100359.66,74898.91,120415.59,98558.05333333334,0.33993485352457053
2023-05-01,Accessories,North,118097.69,2023,5,2,156625.1,100359.66,74898.91,110627.89000000001,0.5606380093356236
2023-06-01,Accessories,North,80741.04,2023,6,2,118097.69,156625.1,100359.66,125027.48333333334,-0.24598490280293517
2023-07-01,Accessories,North,133726.8,2023,7,3,80741.04,118097.69,156625.1,118487.94333333334,-0.3163199043097288
2023-08-01,Accessories,North,116935.38,2023,8,3,133726.8,80741.04,118097.69,110855.17666666665,0.6562432190618304
2023-09-01,Accessories,North,112649.44,2023,9,3,116935.38,133726.8,80741.04,110467.73999999999,-0.12556510736815651
2023-10-01,Accessories,North,106412.81,2023,10,4,112649.44,116935.38,133726.8,121103.87333333334,-0.0366522091089968
2023-11-01,Accessories,North,213007.63999999998,2023,11,4,106412.81,112649.44,116935.38,111999.21,-0.055363169137813806
2023-12-01,Accessories,North,83743.4,2023,12,4,213007.63999999998,106412.81,112649.44,144023.29666666666,1.0017105083495115
2024-01-01,Accessories,North,157751.28,2024,1,1,83743.4,213007.63999999998,106412.81,134387.94999999998,-0.6068525992776597
2024-02-01,Accessories,North,120174.20999999999,2024,2,1,157751.28,83743.4,213007.63999999998,151500.77333333332,0.8837458235514681
2024-03-01,Accessories,North,182465.75,2024,3,1,120174.20999999999,157751.28,83743.4,120556.29666666668,-0.23820453311060297
2024-04-01,Accessories,North,188571.36,2024,4,2,182465.75,120174.20999999999,157751.28,153463.74666666667,0.5183436612564378
2024-05-01,Accessories,North,117312.12,2024,5,2,188571.36,182465.75,120174.20999999999,163737.10666666666,0.0334616770544609
2024-06-01,Accessories,North,94654.59,2024,6,2,117312.12,188571.36,182465.75,162783.07666666666,-0.3778900465054714
2024-07-01,Accessories,North,154734.32,2024,7,3,94654.59,117312.12,188571.36,133512.69,-0.19313886749297515
2024-08-01,Accessories,North,150618.66999999998,2024,8,3,154734.32,94654.59,117312.12,122233.67666666668,0.6347260074762355
2024-09-01,Accessories,North,83262.87,2024,9,3,150618.66999999998,154734.32,94654.59,133335.86,-0.026598171627341793
2024-10-01,Accessories,North,141766.39,2024,10,4,83262.87,150618.66999999998,154734.32,129538.62,-0.4471942289757306
2024-11-01,Accessories,North,198943.34,2024,11,4,141766.39,83262.87,150618.66999999998,125215.97666666667,0.7026363612015778
2024-12-01,Accessories,North,102889.37,2024,12,4,198943.34,141766.39,83262.87,141324.19999999998,0.4033180925323694
2025-01-01,Accessories,North,86841.27,2025,1,1,102889.37,198943.34,141766.39,147866.36666666667,-0.4828207367987287
2025-02-01,Accessories,North,132531.45,2025,2,1,86841.27,102889.37,198943.34,129557.99333333333,-0.1559743246556956
2025-03-01,Accessories,North,108441.0,2025,3,1,132531.45,86841.27,102889.37,107420.69666666666,0.5261344059109223
2025-04-01,Accessories,North,145735.67,2025,4,2,108441.0,132531.45,86841.27,109271.23999999999,-0.181771571955185
2025-05-01,Accessories,North,169329.53,2025,5,2,145735.67,108441.0,132531.45,128902.70666666667,0.3439166920260788
2025-06-01,Accessories,North,115264.45,2025,6,2,169329.53,145735.67,108441.0,141168.7333333333,0.161894888190379
2025-07-01,Accessories,North,152646.85,2025,7,3,115264.45,169329.53,145735.67,143443.21666666665,-0.3192891399391471
2025-08-01,Accessories,North,153100.18,2025,8,3,152646.85,115264.45,169329.53,145746.94333333333,0.3243185561549984
2025-09-01,Accessories,North,120514.45,2025,9,3,153100.18,152646.85,115264.45,140337.16,0.0029697959702410515
2025-10-01,Accessories,North,132221.39,2025,10,4,120514.45,153100.18,152646.85,142087.16,-0.21283926642019624
2025-11-01,Accessories,North,198061.25,2025,11,4,132221.39,120514.45,153100.18,135278.67333333334,0.09714138014155171
2025-12-01,Accessories,North,131517.41,2025,12,4,198061.25,132221.39,120514.45,150265.69666666668,0.4979516551747034
2023-04-01,Accessories,South,67770.9,2023,4,2,201516.44,106401.51,149652.45,152523.46666666667,0.8939246256937521
2023-05-01,Accessories,South,156123.46,2023,5,2,67770.9,201516.44,106401.51,125229.61666666665,-0.6636954285218616
2023-06-01,Accessories,South,105140.09,2023,6,2,156123.46,67770.9,201516.44,141803.6,1.3036946536050134
2023-07-01,Accessories,South,113329.27,2023,7,3,105140.09,156123.46,67770.9,109678.14999999998,-0.32655803298235897
2023-08-01,Accessories,South,192269.2,2023,8,3,113329.27,105140.09,156123.46,124864.27333333333,0.07788827268456777
2023-09-01,Accessories,South,94755.73999999999,2023,9,3,192269.2,113329.27,105140.09,136912.85333333336,0.6965537676189038
2023-10-01,Accessories,South,144681.97,2023,10,4,94755.73999999999,192269.2,113329.27,133451.40333333335,-0.5071715074489311
2023-11-01,Accessories,South,120385.92,2023,11,4,144681.97,94755.73999999999,192269.2,143902.30333333334,0.5268939908020349
2023-12-01,Accessories,South,158057.13,2023,12,4,120385.92,144681.97,94755.73999999999,119941.21,-0.16792728216238695
2024-01-01,Accessories,South,110088.01,2024,1,1,158057.13,120385.92,144681.97,141041.67333333334,0.3129203980000319
2024-02-01,Accessories,South,123576.92,2024,2,1,110088.01,158057.13,120385.92,129510.35333333335,-0.30349228788350147
2024-03-01,Accessories,South,112989.56999999999,2024,3,1,123576.92,110088.01,158057.13,130574.02,0.12252842066997127
2024-04-01,Accessories,South,213541.26,2024,4,2,112989.56999999999,123576.92,110088.01,115551.5,-0.08567416957794394
2024-05-01,Accessories,South,154691.3,2024,5,2,213541.26,112989.56999999999,123576.92,150035.91666666666,0.889920105015003
2024-06-01,Accessories,South,121685.65,2024,6,2,154691.3,213541.26,112989.56999999999,160407.37666666668,-0.27559058141738046
2024-07-01,Accessories,South,192622.65,2024,7,3,121685.65,154691.3,213541.26,163306.06999999998,-0.2133646171439505
2024-08-01,Accessories,South,212745.31,2024,8,3,192622.65,121685.65,154691.3,156333.19999999998,0.5829528789960032
2024-09-01,Accessories,South,190916.63,2024,9,3,212745.31,192622.65,121685.65,175684.53666666665,0.10446673846507659
2024-10-01,Accessories,South,62259.07,2024,10,4,190916.63,212745.31,192622.65,198761.53,-0.10260475307305239
2024-11-01,Accessories,South,197349.65,2024,11,4,62259.07,190916.63,212745.31,155307.00333333333,-0.6738939399883603
2024-12-01,Accessories,South,214181.92,2024,12,4,197349.65,62259.07,190916.63,150175.11666666667,2.1698136512479227
2025-01-01,Accessories,South,121946.39,2025,1,1,214181.92,197349.65,62259.07,157930.21333333335,0.0852916131343533
2025-02-01,Accessories,South,104658.72,2025,2,1,121946.39,214181.92,197349.65,177825.98666666666,-0.4306410643811579
2025-03-01,Accessories,South,59680.520000000004,2025,3,1,104658.72,121946.39,214181.92,146929.00999999998,-0.14176450815805208
2025-04-01,Accessories,South,224520.06,2025,4,2,59680.520000000004,104658.72,121946.39,95428.54333333333,-0.4297606544394963
2025-05-01,Accessories,South,119438.03,2025,5,2,224520.06,59680.520000000004,104658.72,129619.76666666666,2.762032569421312
2025-06-01,Accessories,South,89810.5,2025,6,2,119438.03,224520.06,59680.520000000004,134546.20333333334,-0.4680295827464147
2025-07-01,Accessories,South,101474.04999999999,2025,7,3,89810.5,119438.03,224520.06,144589.53,-0.24805775848781164
2025-08-01,Accessories,South,104725.86,2025,8,3,101474.04999999999,89810.5,119438.03,103574.19333333331,0.12986844522633745
2025-09-01,Accessories,South,96297.18,2025,9,3,104725.86,101474.04999999999,89810.5,98670.13666666666,0.03204572991814181
2025-10-01,Accessories,South,89142.3,2025,10,4,96297.18,104725.86,101474.04999999999,100832.36333333333,-0.0804832731858206
2025-11-01,Accessories,South,121936.42,2025,11,4,89142.3,96297.18,104725.86,96721.77999999998,-0.07429999507773744
2025-12-01,Accessories,South,117108.76,2025,12,4,121936.42,89142.3,96297.18,102458.63333333335,0.3678850556918545
2023-04-01,Accessories,West,70954.05,2023,4,2,110039.23,218127.77000000002,253905.39,194024.13,-0.49552856108142496
2023-05-01,Accessories,West,157610.38,2023,5,2,70954.05,110039.23,218127.77000000002,133040.35,-0.3551931433907707
2023-06-01,Accessories,West,163716.78,2023,6,2,157610.38,70954.05,110039.23,112867.88666666667,1.2213020962157906
2023-07-01,Accessories,West,222842.93,2023,7,3,163716.78,157610.38,70954.05,130760.40333333334,0.038743641123129
2023-08-01,Accessories,West,328146.38,2023,8,3,222842.93,163716.78,157610.38,181390.03000000003,0.3611489915694652
2023-09-01,Accessories,West,264984.77,2023,9,3,328146.38,222842.93,163716.78,238235.36333333337,0.47254561766891157
2023-10-01,Accessories,West,110837.14,2023,10,4,264984.77,328146.38,222842.93,271991.36000000004,-0.1924799840851512
2023-11-01,Accessories,West,96223.44,2023,11,4,110837.14,264984.77,328146.38,234656.09666666668,-0.5817226023971114
2023-12-01,Accessories,West,99519.94,2023,12,4,96223.44,110837.14,264984.77,157348.45,-0.13184840388339136
2024-01-01,Accessories,West,276322.62,2024,1,1,99519.94,96223.44,110837.14,102193.50666666667,0.03425880429965922
2024-02-01,Accessories,West,116380.23,2024,2,1,276322.62,99519.94,96223.44,157355.33333333334,1.7765553315245164
2024-03-01,Accessories,West,232363.69,2024,3,1,116380.23,276322.62,99519.94,164074.26333333334,-0.5788248171648054
2024-04-01,Accessories,West,131151.68,2024,4,2,232363.69,116380.23,276322.62,208355.51333333334,0.9965907439777357
2024-05-01,Accessories,West,166201.33,2024,5,2,131151.68,232363.69,116380.23,159965.19999999998,-0.43557584233577973
2024-06-01,Accessories,West,206177.44,2024,6,2,166201.33,131151.68,232363.69,176572.2333333333,0.26724514699316093
2024-07-01,Accessories,West,196658.25999999998,2024,7,3,206177.44,166201.33,131151.68,167843.4833333333,0.24052821959968673
2024-08-01,Accessories,West,81910.98,2024,8,3,196658.25999999998,206177.44,166201.33,189679.01,-0.046169842830525165
2024-09-01,Accessories,West,157952.93,2024,9,3,81910.98,196658.25999999998,206177.44,161582.22666666665,-0.5834856873034471
2024-10-01,Accessories,West,181495.86,2024,10,4,157952.93,81910.98,196658.25999999998,145507.38999999998,0.9283486780404777
2024-11-01,Accessories,West,54332.2,2024,11,4,181495.86,157952.93,81910.98,140453.25666666665,0.14905028985533852
2024-12-01,Accessories,West,127202.4,2024,12,4,54332.2,181495.86,157952.93,131260.33,-0.7006422074861652
2025-01-01,Accessories,West,167752.69,2025,1,1,127202.4,54332.2,181495.86,121010.15333333332,1.3411973010479974
2025-02-01,Accessories,West,169145.66999999998,2025,2,1,167752.69,127202.4,54332.2,116429.09666666666,0.31878557322817813
2025-03-01,Accessories,West,155716.2,2025,3,1,169145.66999999998,167752.69,127202.4,154700.25333333333,0.008303771462621512
2025-04-01,Accessories,West,255747.74,2025,4,2,155716.2,169145.66999999998,167752.69,164204.85333333333,-0.0793958840329757
2025-05-01,Accessories,West,101522.52,2025,5,2,255747.74,155716.2,169145.66999999998,193536.53666666665,0.6423964879697808
2025-06-01,Accessories,West,177516.08000000002,2025,6,2,101522.52,255747.74,155716.2,170995.48666666666,-0.6030364921308786
2025-07-01,Accessories,West,176115.59,2025,7,3,177516.08000000002,101522.52,255747.74,178262.11333333337,0.7485389448567668
2025-08-01,Accessories,West,153045.87,2025,8,3,176115.59,177516.08000000002,101522.52,151718.06333333335,-0.007889369796809542
2025-09-01,Accessories,West,249029.4,2025,9,3,153045.87,176115.59,177516.08000000002,168892.51333333334,-0.13099192411075022
2025-10-01,Accessories,West,50786.22,2025,10,4,249029.4,153045.87,176115.59,192730.28666666665,0.627155309712049
2025-11-01,Accessories,West,140605.42,2025,11,4,50786.22,249029.4,153045.87,150953.83,-0.7960633563747894
2025-12-01,Accessories,West,156348.79,2025,12,4,140605.42,50786.22,249029.4,146807.01333333334,1.7685742313564585
2023-04-01,Electronics,Central,1224208.96,2023,4,2,2541388.98,903177.02,1413649.13,1619405.0433333332,1.8138326415789452
2023-05-01,Electronics,Central,1532752.1600000001,2023,5,2,1224208.96,2541388.98,903177.02,1556258.32,-0.5182913872554842
2023-06-01,Electronics,Central,1405623.3,2023,6,2,1532752.1600000001,1224208.96,2541388.98,1766116.7,0.2520347506687095
2023-07-01,Electronics,Central,2048678.92,2023,7,3,1405623.3,1532752.1600000001,1224208.96,1387528.14,-0.08294156310306555
2023-08-01,Electronics,Central,1091198.48,2023,8,3,2048678.92,1405623.3,1532752.1600000001,1662351.46,0.45748787744198594
2023-09-01,Electronics,Central,1611660.76,2023,9,3,1091198.48,2048678.92,1405623.3,1515166.9000000001,-0.4673648128326522
2023-10-01,Electronics,Central,1271263.79,2023,10,4,1611660.76,1091198.48,2048678.92,1583846.0533333335,0.47696389753035584
2023-11-01,Electronics,Central,1492270.47,2023,11,4,1271263.79,1611660.76,1091198.48,1324707.6766666668,-0.21120882163812194
2023-12-01,Electronics,Central,2469750.49,2023,12,4,1492270.47,1271263.79,1611660.76,1458398.3399999999,0.17384800993977811
2024-01-01,Electronics,Central,1787462.13,2024,1,1,2469750.49,1492270.47,1271263.79,1744428.25,0.6550287227757046
2024-02-01,Electronics,Central,1715478.59,2024,2,1,1787462.13,2469750.49,1492270.47,1916494.3633333333,-0.2762580117961634
2024-03-01,Electronics,Central,2233293.06,2024,3,1,1715478.59,1787462.13,2469750.49,1990897.07,-0.04027136507781559
2024-04-01,Electronics,Central,736770.01,2024,4,2,2233293.06,1715478.59,1787462.13,1912077.9266666668,0.3018484013840126
2024-05-01,Electronics,Central,1259126.54,2024,5,2,736770.01,2233293.06,1715478.59,1561847.22,-0.6700970315109473
2024-06-01,Electronics,Central,732796.22,2024,6,2,1259126.54,736770.01,2233293.06,1409729.87,0.7089818028831005
2024-07-01,Electronics,Central,2361263.34,2024,7,3,732796.22,1259126.54,736770.01,909564.2566666667,-0.4180122515724274
2024-08-01,Electronics,Central,3085391.01,2024,8,3,2361263.34,732796.22,1259126.54,1451062.0333333332,2.2222646290397075
2024-09-01,Electronics,Central,2065202.8900000001,2024,9,3,3085391.01,2361263.34,732796.22,2059816.8566666665,0.30666959408263206
2024-10-01,Electronics,Central,888516.53,2024,10,4,2065202.8900000001,3085391.01,2361263.34,2503952.4133333336,-0.3306511611311137
2024-11-01,Electronics,Central,1757271.02,2024,11,4,888516.53,2065202.8900000001,3085391.01,2013036.8099999998,-0.569767922414635
2024-12-01,Electronics,Central,1430223.32,2024,12,4,1757271.02,888516.53,2065202.8900000001,1570330.1466666667,0.9777583879052874
2025-01-01,Electronics,Central,1948959.21,2025,1,1,1430223.32,1757271.02,888516.53,1358670.29,-0.18611113270393542
2025-02-01,Electronics,Central,1553692.61,2025,2,1,1948959.21,1430223.32,1757271.02,1712151.1833333333,0.36269572922360127
2025-03-01,Electronics,Central,2741031.29,2025,3,1,1553692.61,1948959.21,1430223.32,1644291.7133333336,-0.2028090675125006
2025-04-01,Electronics,Central,2016727.6300000001,2025,4,2,2741031.29,1553692.61,1948959.21,2081227.7033333334,0.7642043685848514
2025-05-01,Electronics,Central,2610247.54,2025,5,2,2016727.6300000001,2741031.29,1553692.61,2103817.1766666668,-0.264244944099124
2025-06-01,Electronics,Central,1297264.01,2025,6,2,2610247.54,2016727.6300000001,2741031.29,2456002.1533333333,0.2942984968178375
2025-07-01,Electronics,Central,2619332.94,2025,7,3,1297264.01,2610247.54,2016727.6300000001,1974746.3933333333,-0.5030111167157733
2025-08-01,Electronics,Central,1082698.22,2025,8,3,2619332.94,1297264.01,2610247.54,2175614.83,1.0191209497903206
2025-09-01,Electronics,Central,835568.4600000001,2025,9,3,1082698.22,2619332.94,1297264.01,1666431.7233333334,-0.5866511647045526
2025-10-01,Electronics,Central,1978752.41,2025,10,4,835568.4600000001,1082698.22,2619332.94,1512533.2066666668,-0.22825359406243406
2025-11-01,Electronics,Central,1255102.3599999999,2025,11,4,1978752.41,835568.4600000001,1082698.22,1299006.3633333333,1.3681511506549682
2025-12-01,Electronics,Central,2355481.21,2025,12,4,1255102.3599999999,1978752.41,835568.4600000001,1356474.41,-0.36571025578687744
2023-04-01,Electronics,East,2208767.07,2023,4,2,1988583.62,1215705.58,2696054.7,1966781.3,0.6357444209477101
2023-05-01,Electronics,East,1206857.25,2023,5,2,2208767.07,1988583.62,1215705.58,1804352.0899999999,0.11072375724386174
2023-06-01,Electronics,East,4499543.82,2023,6,2,1206857.25,2208767.07,1988583.62,1801402.6466666665,-0.4536059205192695
2023-07-01,Electronics,East,1330878.51,2023,7,3,4499543.82,1206857.25,2208767.07,2638389.38,2.728314860767502
2023-08-01,Electronics,East,820011.51,2023,8,3,1330878.51,4499543.82,1206857.25,2345759.86,-0.7042192357179888
2023-09-01,Electronics,East,2385829.67,2023,9,3,820011.51,1330878.51,4499543.82,2216811.28,-0.3838569757956344
2023-10-01,Electronics,East,641929.69,2023,10,4,2385829.67,820011.51,1330878.51,1512239.8966666665,1.9095075384978437
2023-11-01,Electronics,East,1043320.3,2023,11,4,641929.69,2385829.67,820011.51,1282590.29,-0.7309406878153208
2023-12-01,Electronics,East,2017942.53,2023,12,4,1043320.3,641929.69,2385829.67,1357026.5533333335,0.625287498386311
2024-01-01,Electronics,East,1947146.07,2024,1,1,2017942.53,1043320.3,641929.69,1234397.5066666666,0.9341543819285409
2024-02-01,Electronics,East,1618988.71,2024,2,1,1947146.07,2017942.53,1043320.3,1669469.6333333335,-0.03508348674330186
2024-03-01,Electronics,East,1749766.83,2024,3,1,1618988.71,1947146.07,2017942.53,1861359.1033333335,-0.16853248200326343
2024-04-01,Electronics,East,2548898.11,2024,4,2,1749766.83,1618988.71,1947146.07,1771967.2033333334,0.08077766027163968
2024-05-01,Electronics,East,1547617.32,2024,5,2,2548898.11,1749766.83,1618988.71,1972551.2166666666,0.4567072973945905
2024-06-01,Electronics,East,2894085.4499999997,2024,6,2,1547617.32,2548898.11,1749766.83,1948760.7533333332,-0.3928288800841866
2024-07-01,Electronics,East,1411805.2,2024,7,3,2894085.4499999997,1547617.32,2548898.11,2330200.293333333,0.870026532140387
2024-08-01,Electronics,East,1958040.97,2024,8,3,1411805.2,2894085.4499999997,1547617.32,1951169.3233333332,-0.512175703035997
2024-09-01,Electronics,East,1695803.44,2024,9,3,1958040.97,1411805.2,2894085.4499999997,2087977.2066666663,0.3869059059989297
2024-10-01,Electronics,East,1349166.5899999999,2024,10,4,1695803.44,1958040.97,1411805.2,1688549.8699999999,-0.13392852040271663
2024-11-01,Electronics,East,2404928.23,2024,11,4,1349166.5899999999,1695803.44,1958040.97,1667670.3333333333,-0.20440862532983195
2024-12-01,Electronics,East,3626405.69,2024,12,4,2404928.23,1349166.5899999999,1695803.44,1816632.7533333332,0.7825287461350494
2025-01-01,Electronics,East,2866186.86,2025,1,1,3626405.69,2404928.23,1349166.5899999999,2460166.8366666664,0.5079059926873577
2025-02-01,Electronics,East,530583.17,2025,2,1,2866186.86,3626405.69,2404928.23,2965840.26,-0.20963424806450714
2025-03-01,Electronics,East,1229708.9100000001,2025,3,1,530583.17,2866186.86,3626405.69,2341058.5733333332,-0.8148818636339712
2025-04-01,Electronics,East,3578587.75,2025,4,2,1229708.9100000001,530583.17,2866186.86,1542159.6466666665,1.3176553263082207
2025-05-01,Electronics,East,1251836.4100000001,2025,5,2,3578587.75,1229708.9100000001,530583.17,1779626.61,1.9101096372474031
2025-06-01,Electronics,East,2271071.88,2025,6,2,1251836.4100000001,3578587.75,1229708.9100000001,2020044.3566666667,-0.6501870297857024
2025-07-01,Electronics,East,2606221.29,2025,7,3,2271071.88,1251836.4100000001,3578587.75,2367165.3466666667,0.8141922234072099
2025-08-01,Electronics,East,1433193.1400000001,2025,8,3,2606221.29,2271071.88,1251836.4100000001,2043043.1933333334,0.14757322872581202
2025-09-01,Electronics,East,1831143.25,2025,9,3,1433193.1400000001,2606221.29,2271071.88,2103495.436666667,-0.4500877014936824
2025-10-01,Electronics,East,1349978.12,2025,10,4,1831143.25,1433193.1400000001,2606221.29,1956852.5599999998,0.27766677002096163
2025-11-01,Electronics,East,1471348.47,2025,11,4,1349978.12,1831143.25,1433193.1400000001,1538104.8366666667,-0.2627676070673334
2025-12-01,Electronics,East,3637661.08,2025,12,4,1471348.47,1349978.12,1831143.25,1550823.28,0.08990542009673441
2023-04-01,Electronics,North,1684931.24,2023,4,2,3076376.57,907272.02,2080145.46,2021264.6833333333,2.3907984619651335
2023-05-01,Electronics,North,3212226.15,2023,5,2,1684931.24,3076376.57,907272.02,1889526.61,-0.45230006741339857
2023-06-01,Electronics,North,1590575.07,2023,6,2,3212226.15,1684931.24,3076376.57,2657844.6533333333,0.906443464126168
2023-07-01,Electronics,North,2234853.8,2023,7,3,1590575.07,3212226.15,1684931.24,2162577.486666667,-0.5048371454170497
2023-08-01,Electronics,North,2754371.25,2023,8,3,2234853.8,1590575.07,3212226.15,2345885.0066666664,0.4050602465434088
2023-09-01,Electronics,North,2515014.62,2023,9,3,2754371.25,2234853.8,1590575.07,2193266.7066666665,0.2324614925593791
2023-10-01,Electronics,North,1548973.48,2023,10,4,2515014.62,2754371.25,2234853.8,2501413.223333333,-0.08690064202492676
2023-11-01,Electronics,North,1015976.43,2023,11,4,1548973.48,2515014.62,2754371.25,2272786.4499999997,-0.3841095524128604
2023-12-01,Electronics,North,2411210.56,2023,12,4,1015976.43,1548973.48,2515014.62,1693321.51,-0.34409694993616025
2024-01-01,Electronics,North,3092315.86,2024,1,1,2411210.56,1015976.43,1548973.48,1658720.156666667,1.3732937977704855
2024-02-01,Electronics,North,3020993.27,2024,2,1,3092315.86,2411210.56,1015976.43,2173167.6166666667,0.2824744181611414
2024-03-01,Electronics,North,2704600.23,2024,3,1,3020993.27,3092315.86,2411210.56,2841506.563333334,-0.023064458234224428
2024-04-01,Electronics,North,3871535.45,2024,4,2,2704600.23,3020993.27,3092315.86,2939303.1199999996,-0.10473146138455314
2024-05-01,Electronics,North,3472203.18,2024,5,2,3871535.45,2704600.23,3020993.27,3199042.983333334,0.43146310758096784
2024-06-01,Electronics,North,2023331.19,2024,6,2,3472203.18,3871535.45,2704600.23,3349446.2866666666,-0.10314570928183031
2024-07-01,Electronics,North,816530.36,2024,7,3,2023331.19,3472203.18,3871535.45,3122356.606666667,-0.4172774215361441
2024-08-01,Electronics,North,1964151.85,2024,8,3,816530.36,2023331.19,3472203.18,2104021.5766666667,-0.5964425576813255
2024-09-01,Electronics,North,2894258.88,2024,9,3,1964151.85,816530.36,2023331.19,1601337.8,1.4054853881979357
2024-10-01,Electronics,North,2052656.01,2024,10,4,2894258.88,1964151.85,816530.36,1891647.03,0.4735413048639796
2024-11-01,Electronics,North,3069943.56,2024,11,4,2052656.01,2894258.88,1964151.85,2303688.913333333,-0.29078354939693574
2024-12-01,Electronics,North,2332728.0300000003,2024,12,4,3069943.56,2052656.01,2894258.88,2672286.15,0.495595728190229
2025-01-01,Electronics,North,1195023.51,2025,1,1,2332728.0300000003,3069943.56,2052656.01,2485109.2,-0.24013976660860825
2025-02-01,Electronics,North,2375897.8200000003,2025,2,1,1195023.51,2332728.0300000003,3069943.56,2199231.7,-0.4877141721489068
2025-03-01,Electronics,North,2379525.92,2025,3,1,2375897.8200000003,1195023.51,2332728.0300000003,1967883.12,0.9881598982098689
2025-04-01,Electronics,North,2318905.7,2025,4,2,2379525.92,2375897.8200000003,1195023.51,1983482.4166666667,0.0015270437850729568
2025-05-01,Electronics,North,2590378.59,2025,5,2,2318905.7,2379525.92,2375897.8200000003,2358109.8133333335,-0.025475755271453293
2025-06-01,Electronics,North,1525868.96,2025,6,2,2590378.59,2318905.7,2379525.92,2429603.4033333333,0.11706939613801448
2025-07-01,Electronics,North,2632623.36,2025,7,3,1525868.96,2590378.59,2318905.7,2145051.0833333335,-0.4109475094140582
2025-08-01,Electronics,North,2566566.48,2025,8,3,2632623.36,1525868.96,2590378.59,2249623.6366666667,0.7253272915388487
2025-09-01,Electronics,North,1905910.26,2025,9,3,2566566.48,2632623.36,1525868.96,2241686.2666666666,-0.025091656103818805
2025-10-01,Electronics,North,2059245.49,2025,10,4,1905910.26,2566566.48,2632623.36,2368366.6999999997,-0.2574085748988665
2025-11-01,Electronics,North,2568953.38,2025,11,4,2059245.49,1905910.26,2566566.48,2177240.7433333336,0.08045249202866445
2025-12-01,Electronics,North,3892900.86,2025,12,4,2568953.38,2059245.49,1905910.26,2178036.3766666665,0.24752167358152133
2023-04-01,Electronics,South,4014617.41,2023,4,2,3600862.71,2428131.02,1887884.29,2638959.34,0.482977104752774
2023-05-01,Electronics,South,2021248.57,2023,5,2,4014617.41,3600862.71,2428131.02,3347870.3800000004,0.11490432524710181
2023-06-01,Electronics,South,810193.68,2023,6,2,2021248.57,4014617.41,3600862.71,3212242.896666667,-0.4965277226753221
2023-07-01,Electronics,South,2474199.72,2023,7,3,810193.68,2021248.57,4014617.41,2282019.8866666667,-0.5991617794935533
2023-08-01,Electronics,South,2909567.38,2023,8,3,2474199.72,810193.68,2021248.57,1768547.3233333335,2.053837349113856
2023-09-01,Electronics,South,1082504.77,2023,9,3,2909567.38,2474199.72,810193.68,2064653.593333333,0.17596302209588788
2023-10-01,Electronics,South,2151950.5,2023,10,4,1082504.77,2909567.38,2474199.72,2155423.9566666665,-0.627949922232081
2023-11-01,Electronics,South,3703971.08,2023,11,4,2151950.5,1082504.77,2909567.38,2048007.55,0.9879362748674076
2023-12-01,Electronics,South,2203787.02,2023,12,4,3703971.08,2151950.5,1082504.77,2312808.783333333,0.7212157435777449
2024-01-01,Electronics,South,1982041.7,2024,1,1,2203787.02,3703971.08,2151950.5,2686569.5333333337,-0.40502045712516743
2024-02-01,Electronics,South,1624151.31,2024,2,1,1982041.7,2203787.02,3703971.08,2629933.2666666666,-0.10062012253797559
2024-03-01,Electronics,South,1289599.81,2024,3,1,1624151.31,1982041.7,2203787.02,1936660.01,-0.18056652894840708
2024-04-01,Electronics,South,1990659.06,2024,4,2,1289599.81,1624151.31,1982041.7,1631930.9400000002,-0.2059854263209011
2024-05-01,Electronics,South,1017664.79,2024,5,2,1990659.06,1289599.81,1624151.31,1634803.3933333333,0.5436254290391063
2024-06-01,Electronics,South,2905130.0100000002,2024,6,2,1017664.79,1990659.06,1289599.81,1432641.22,-0.48877996717328376
2024-07-01,Electronics,South,2317919.31,2024,7,3,2905130.0100000002,1017664.79,1990659.06,1971151.2866666669,1.8547022934732764
2024-08-01,Electronics,South,2724413.52,2024,8,3,2317919.31,2905130.0100000002,1017664.79,2080238.036666667,-0.20212888854499156
2024-09-01,Electronics,South,3627756.25,2024,9,3,2724413.52,2317919.31,2905130.0100000002,2649154.2800000003,0.17537030225612127
2024-10-01,Electronics,South,2141404.6,2024,10,4,3627756.25,2724413.52,2317919.31,2890029.6933333334,0.3315732811368517
2024-11-01,Electronics,South,2084534.72,2024,11,4,2141404.6,3627756.25,2724413.52,2831191.4566666665,-0.40971651554593835
2024-12-01,Electronics,South,928974.88,2024,12,4,2084534.72,2141404.6,3627756.25,2617898.5233333334,-0.026557279273613288
2025-01-01,Electronics,South,1968297.99,2025,1,1,928974.88,2084534.72,2141404.6,1718304.7333333334,-0.5543490491729492
2025-02-01,Electronics,South,1752541.86,2025,2,1,1968297.99,928974.88,2084534.72,1660602.53,1.11878494497074
2025-03-01,Electronics,South,2103776.6,2025,3,1,1752541.86,1968297.99,928974.88,1549938.2433333334,-0.10961558214058831
2025-04-01,Electronics,South,2529485.09,2025,4,2,2103776.6,1752541.86,1968297.99,1941538.8166666664,0.20041446542109975
2025-05-01,Electronics,South,3131057.46,2025,5,2,2529485.09,2103776.6,1752541.86,2128601.183333333,0.20235441824003542
2025-06-01,Electronics,South,1856506.99,2025,6,2,3131057.46,2529485.09,2103776.6,2588106.3833333333,0.2378240426789786
2025-07-01,Electronics,South,2159747.31,2025,7,3,1856506.99,3131057.46,2529485.09,2505683.18,-0.40706709675011843
2025-08-01,Electronics,South,1430694.78,2025,8,3,2159747.31,1856506.99,3131057.46,2382437.2533333334,0.1633391749308739
2025-09-01,Electronics,South,3281999.17,2025,9,3,1430694.78,2159747.31,1856506.99,1815649.6933333334,-0.33756380972179567
2025-10-01,Electronics,South,2172410.61,2025,10,4,3281999.17,1430694.78,2159747.31,2290813.7533333334,1.2939897565013831
2025-11-01,Electronics,South,1451685.0899999999,2025,11,4,2172410.61,3281999.17,1430694.78,2295034.8533333335,-0.33808313242199883
2025-12-01,Electronics,South,1788830.45,2025,12,4,1451685.0899999999,2172410.61,3281999.17,2302031.623333333,-0.3317630270642068
2023-04-01,Electronics,West,1686777.47,2023,4,2,1939263.18,2501293.63,2865261.06,2435272.6233333335,-0.22469591065164152
2023-05-01,Electronics,West,2431504.91,2023,5,2,1686777.47,1939263.18,2501293.63,2042444.76,-0.13019672244795566
2023-06-01,Electronics,West,2701895.33,2023,6,2,2431504.91,1686777.47,1939263.18,2019181.8533333335,0.44150900355575673
2023-07-01,Electronics,West,3151559.07,2023,7,3,2701895.33,2431504.91,1686777.47,2273392.5700000003,0.11120290931265275
2023-08-01,Electronics,West,2603961.03,2023,8,3,3151559.07,2701895.33,2431504.91,2761653.103333333,0.1664252996802802
2023-09-01,Electronics,West,3038278.09,2023,9,3,2603961.03,3151559.07,2701895.33,2819138.4766666666,-0.1737546489966314
2023-10-01,Electronics,West,1623145.44,2023,10,4,3038278.09,2603961.03,3151559.07,2931266.063333333,0.1667909215983927
2023-11-01,Electronics,West,1891263.77,2023,11,4,1623145.44,3038278.09,2603961.03,2421794.853333333,-0.465767980441843
2023-12-01,Electronics,West,3275485.0,2023,12,4,1891263.77,1623145.44,3038278.09,2184229.0999999996,0.16518441502075132
2024-01-01,Electronics,West,3163790.86,2024,1,1,3275485.0,1891263.77,1623145.44,2263298.07,0.731902790058734
2024-02-01,Electronics,West,2740644.43,2024,2,1,3163790.86,3275485.0,1891263.77,2776846.543333333,-0.034100030987777474
2024-03-01,Electronics,West,3888913.33,2024,3,1,2740644.43,3163790.86,3275485.0,3059973.4299999997,-0.13374665037119415
2024-04-01,Electronics,West,3753824.02,2024,4,2,3888913.33,2740644.43,3163790.86,3264449.5400000005,0.4189777000732633
2024-05-01,Electronics,West,2745612.57,2024,5,2,3753824.02,3888913.33,2740644.43,3461127.2600000002,-0.03473703282556828
2024-06-01,Electronics,West,3194833.74,2024,6,2,2745612.57,3753824.02,3888913.33,3462783.3066666666,-0.26858250270346984
2024-07-01,Electronics,West,3438048.34,2024,7,3,3194833.74,2745612.57,3753824.02,3231423.4433333334,0.16361418756179447
2024-08-01,Electronics,West,2450929.3,2024,8,3,3438048.34,3194833.74,2745612.57,3126164.8833333333,0.07612746696483796
2024-09-01,Electronics,West,3862050.52,2024,9,3,2450929.3,3438048.34,3194833.74,3027937.1266666665,-0.2871161026200114
2024-10-01,Electronics,West,2135911.82,2024,10,4,3862050.52,2450929.3,3438048.34,3250342.72,0.5757494596029353
2024-11-01,Electronics,West,2454540.11,2024,11,4,2135911.82,3862050.52,2450929.3,2816297.2133333334,-0.44694876233778535
2024-12-01,Electronics,West,2395394.43,2024,12,4,2454540.11,2135911.82,3862050.52,2817500.8166666664,0.1491767061806888
2025-01-01,Electronics,West,2682780.13,2025,1,1,2395394.43,2454540.11,2135911.82,2328615.4533333336,-0.024096440615916315
2025-02-01,Electronics,West,5359275.55,2025,2,1,2682780.13,2395394.43,2454540.11,2510904.89,0.11997427079263923
2025-03-01,Electronics,West,1769128.9,2025,3,1,5359275.55,2682780.13,2395394.43,3479150.0366666666,0.9976573890906222
2025-04-01,Electronics,West,3497112.17,2025,4,2,1769128.9,5359275.55,2682780.13,3270394.86,-0.6698940214036951
2025-05-01,Electronics,West,3090700.63,2025,5,2,3497112.17,1769128.9,5359275.55,3541838.873333333,0.9767424352176939
2025-06-01,Electronics,West,2800775.19,2025,6,2,3090700.63,3497112.17,1769128.9,2785647.233333333,-0.1162134699271028
2025-07-01,Electronics,West,3127119.24,2025,7,3,2800775.19,3090700.63,3497112.17,3129529.3299999996,-0.0938057336209881
2025-08-01,Electronics,West,3963420.36,2025,8,3,3127119.24,2800775.19,3090700.63,3006198.353333333,0.11651918767532377
2025-09-01,Electronics,West,3515013.22,2025,9,3,3963420.36,3127119.24,2800775.19,3297104.93,0.267434995539217
2025-10-01,Electronics,West,3549718.96,2025,10,4,3515013.22,3963420.36,3127119.24,3535184.2733333334,-0.11313640726213547
2025-11-01,Electronics,West,3002257.56,2025,11,4,3549718.96,3515013.22,3963420.36,3676050.846666666,0.009873573107073375
2025-12-01,Electronics,West,1837305.65,2025,12,4,3002257.56,3549718.96,3515013.22,3355663.2466666666,-0.15422668841366527
2023-04-01,Furniture,Central,329599.25,2023,4,2,178360.37,112019.47,210184.18,166854.67333333334,0.5922265120518782
2023-05-01,Furniture,Central,170392.87,2023,5,2,329599.25,178360.37,112019.47,206659.69666666668,0.8479399319478873
2023-06-01,Furniture,Central,36077.4,2023,6,2,170392.87,329599.25,178360.37,226117.49666666667,-0.4830301646620858
2023-07-01,Furniture,Central,103686.70000000001,2023,7,3,36077.4,170392.87,329599.25,178689.84,-0.7882693096254556
2023-08-01,Furniture,Central,217141.58,2023,8,3,103686.70000000001,36077.4,170392.87,103385.65666666669,1.8740069960695616
2023-09-01,Furniture,Central,171690.03,2023,9,3,217141.58,103686.70000000001,36077.4,118968.56000000001,1.0942086111333467
2023-10-01,Furniture,Central,103430.20999999999,2023,10,4,171690.03,217141.58,103686.70000000001,164172.77000000002,-0.2093175798020812
2023-11-01,Furniture,Central,56927.48,2023,11,4,103430.20999999999,171690.03,217141.58,164087.27333333335,-0.3975759104940456
2023-12-01,Furniture,Central,193518.42,2023,12,4,56927.48,103430.20999999999,171690.03,110682.57333333335,-0.44960490750236315
2024-01-01,Furniture,Central,137663.76,2024,1,1,193518.42,56927.48,103430.20999999999,117958.70333333337,2.3993849718975793
2024-02-01,Furniture,Central,116251.57,2024,2,1,137663.76,193518.42,56927.48,129369.8866666667,-0.288627098133604
2024-03-01,Furniture,Central,90885.0,2024,3,1,116251.57,137663.76,193518.42,149144.58333333337,-0.15553977314000433
2024-04-01,Furniture,Central,193508.93,2024,4,2,90885.0,116251.57,137663.76,114933.44333333336,-0.21820410683485825
2024-05-01,Furniture,Central,322804.22000000003,2024,5,2,193508.93,90885.0,116251.57,133548.50000000003,1.1291624580513835
2024-06-01,Furniture,Central,359266.27,2024,6,2,322804.22000000003,193508.93,90885.0,202399.3833333334,0.6681618775939697
2024-07-01,Furniture,Central,143390.28,2024,7,3,359266.27,322804.22000000003,193508.93,291859.8066666667,0.11295406856824863
2024-08-01,Furniture,Central,161526.27,2024,8,3,143390.28,359266.27,322804.22000000003,275153.59,-0.600880205091338
2024-09-01,Furniture,Central,235832.94999999998,2024,9,3,161526.27,143390.28,359266.27,221394.27333333335,0.12647991202750974
2024-10-01,Furniture,Central,235117.15,2024,10,4,235832.94999999998,161526.27,143390.28,180249.83333333334,0.46002845233781486
2024-11-01,Furniture,Central,139135.56,2024,11,4,235117.15,235832.94999999998,161526.27,210825.45666666667,-0.003035199279829204
2024-12-01,Furniture,Central,119530.5,2024,12,4,139135.56,235117.15,235832.94999999998,203361.8866666667,-0.4082287914769297
2025-01-01,Furniture,Central,271030.97000000003,2025,1,1,119530.5,139135.56,235117.15,164594.40333333335,-0.14090617811866357
2025-02-01,Furniture,Central,179499.71,2025,2,1,271030.97000000003,119530.5,139135.56,176565.67666666667,1.267462865126474
2025-03-01,Furniture,Central,250548.41,2025,3,1,179499.71,271030.97000000003,119530.5,190020.39333333334,-0.33771513270236253
2025-04-01,Furniture,Central,197605.87,2025,4,2,250548.41,179499.71,271030.97000000003,233693.03000000003,0.39581512415813935
2025-05-01,Furniture,Central,113849.59,2025,5,2,197605.87,250548.41,179499.71,209217.99666666667,-0.21130662932564614
2025-06-01,Furniture,Central,94953.73,2025,6,2,113849.59,197605.87,250548.41,187334.62333333338,-0.4238552225194525
2025-07-01,Furniture,Central,146569.77,2025,7,3,94953.73,113849.59,197605.87,135469.73,-0.16597213920577136
2025-08-01,Furniture,Central,170436.38,2025,8,3,146569.77,94953.73,113849.59,118457.69666666667,0.5435914945100102
2025-09-01,Furniture,Central,245562.35,2025,9,3,170436.38,146569.77,94953.73,137319.96,0.1628344644328774
2025-10-01,Furniture,Central,111344.65,2025,10,4,245562.35,170436.38,146569.77,187522.83333333334,0.4407859988577556
2025-11-01,Furniture,Central,189549.6,2025,11,4,111344.65,245562.35,170436.38,175781.12666666668,-0.5465727950559196
2025-12-01,Furniture,Central,231343.22999999998,2025,12,4,189549.6,111344.65,245562.35,182152.20000000004,0.7023682772364905
2023-04-01,Furniture,East,104316.88,2023,4,2,232011.79,297108.03,215407.32,248175.71333333335,-0.21909956455905955
2023-05-01,Furniture,East,333757.38,2023,5,2,104316.88,232011.79,297108.03,211145.56666666668,-0.550381125028172
2023-06-01,Furniture,East,182460.71,2023,6,2,333757.38,104316.88,232011.79,223362.0166666667,2.199457077320564
2023-07-01,Furniture,East,125139.37000000001,2023,7,3,182460.71,333757.38,104316.88,206844.99,-0.4533133319778577
2023-08-01,Furniture,East,218878.71,2023,8,3,125139.37000000001,182460.71,333757.38,213785.81999999998,-0.3141571684117638
2023-09-01,Furniture,East,210093.21,2023,9,3,218878.71,125139.37000000001,182460.71,175492.92999999996,0.7490795262913659
2023-10-01,Furniture,East,200618.68,2023,10,4,210093.21,218878.71,125139.37000000001,184703.7633333333,-0.04013866858042059
2023-11-01,Furniture,East,199853.88,2023,11,4,200618.68,210093.21,218878.71,209863.5333333333,-0.045096792990120926
2023-12-01,Furniture,East,245611.56,2023,12,4,199853.88,200618.68,210093.21,203521.9233333333,-0.0038122073178827875
2024-01-01,Furniture,East,213395.77000000002,2024,1,1,245611.56,199853.88,200618.68,215361.37333333332,0.22895567501616676
2024-02-01,Furniture,East,298070.11,2024,2,1,213395.77000000002,245611.56,199853.88,219620.40333333332,-0.13116560963172896
2024-03-01,Furniture,East,173289.29,2024,3,1,298070.11,213395.77000000002,245611.56,252359.14666666664,0.3967948380607542
2024-04-01,Furniture,East,185188.30000000002,2024,4,2,173289.29,298070.11,213395.77000000002,228251.72333333336,-0.4186290936719552
2024-05-01,Furniture,East,145158.23,2024,5,2,185188.30000000002,173289.29,298070.11,218849.2333333333,0.06866558227574249
2024-06-01,Furniture,East,232648.50999999998,2024,6,2,145158.23,185188.30000000002,173289.29,167878.6066666667,-0.216158742209956
2024-07-01,Furniture,East,125653.88,2024,7,3,232648.50999999998,145158.23,185188.30000000002,187665.01333333334,0.6027235245290603
2024-08-01,Furniture,East,185176.72,2024,8,3,125653.88,232648.50999999998,145158.23,167820.20666666667,-0.459898195780407
2024-09-01,Furniture,East,222401.43,2024,9,3,185176.72,125653.88,232648.50999999998,181159.70333333334,0.4737047514967305
2024-10-01,Furniture,East,162059.72,2024,10,4,222401.43,185176.72,125653.88,177744.01,0.20102262314614916
2024-11-01,Furniture,East,162333.06,2024,11,4,162059.72,222401.43,185176.72,189879.29,-0.2713188939477592
2024-12-01,Furniture,East,223520.32,2024,12,4,162333.06,162059.72,222401.43,182264.73666666666,0.001686662176140885
2025-01-01,Furniture,East,173698.03,2025,1,1,223520.32,162333.06,162059.72,182637.69999999998,0.3769242075520538
2025-02-01,Furniture,East,197641.14,2025,2,1,173698.03,223520.32,162333.06,186517.1366666667,-0.22289825819862819
2025-03-01,Furniture,East,259316.33000000002,2025,3,1,197641.14,173698.03,223520.32,198286.49666666667,0.13784330196491013
2025-04-01,Furniture,East,304381.32,2025,4,2,259316.33000000002,197641.14,173698.03,210218.5,0.3120564372377128
2025-05-01,Furniture,East,224010.03,2025,5,2,304381.32,259316.33000000002,197641.14,253779.59666666668,0.17378384924697943
2025-06-01,Furniture,East,219673.47,2025,6,2,224010.03,304381.32,259316.33000000002,262569.2266666667,-0.26404803685061884
2025-07-01,Furniture,East,317735.44,2025,7,3,219673.47,224010.03,304381.32,249354.94000000003,-0.019358776033376657
2025-08-01,Furniture,East,137923.57,2025,8,3,317735.44,219673.47,224010.03,253806.31333333332,0.4463987845232289
2025-09-01,Furniture,East,147629.51,2025,9,3,137923.57,317735.44,219673.47,225110.82666666666,-0.565916946501152
2025-10-01,Furniture,East,62861.34,2025,10,4,147629.51,137923.57,317735.44,201096.17333333334,0.07037187334985595
2025-11-01,Furniture,East,213069.65,2025,11,4,62861.34,147629.51,137923.57,116138.14000000001,-0.57419529469413
2025-12-01,Furniture,East,190637.88,2025,12,4,213069.65,62861.34,147629.51,141186.83333333334,2.3895181044502074
2023-04-01,Furniture,North,154753.8,2023,4,2,268660.5,326358.47,435569.9,343529.62333333335,-0.17679323597760455
2023-05-01,Furniture,North,226472.26,2023,5,2,154753.8,268660.5,326358.47,249924.25666666668,-0.42398007894722156
2023-06-01,Furniture,North,241427.49,2023,6,2,226472.26,154753.8,268660.5,216628.85333333336,0.4634358574716746
2023-07-01,Furniture,North,148407.72,2023,7,3,241427.49,226472.26,154753.8,207551.18333333335,0.0660355930567389
2023-08-01,Furniture,North,183214.38,2023,8,3,148407.72,241427.49,226472.26,205435.82333333333,-0.3852907139945
2023-09-01,Furniture,North,241700.73,2023,9,3,183214.38,148407.72,241427.49,191016.53,0.2345340255884263
2023-10-01,Furniture,North,347211.61,2023,10,4,241700.73,183214.38,148407.72,191107.61000000002,0.3192235784112578
2023-11-01,Furniture,North,276350.96,2023,11,4,347211.61,241700.73,183214.38,257375.57333333333,0.43653521443646426
2023-12-01,Furniture,North,237841.44,2023,12,4,276350.96,347211.61,241700.73,288421.10000000003,-0.20408490948790559
2024-01-01,Furniture,North,274147.51,2024,1,1,237841.44,276350.96,347211.61,287134.67,-0.13935004966148845
2024-02-01,Furniture,North,160176.36000000002,2024,2,1,274147.51,237841.44,276350.96,262779.97000000003,0.1526482096643882
2024-03-01,Furniture,North,257469.15,2024,3,1,160176.36000000002,274147.51,237841.44,224055.10333333336,-0.4157292911396495
2024-04-01,Furniture,North,113148.79000000001,2024,4,2,257469.15,160176.36000000002,274147.51,230597.67333333334,0.6074104193652545
2024-05-01,Furniture,North,251785.18,2024,5,2,113148.79000000001,257469.15,160176.36000000002,176931.43333333335,-0.5605345727827975
2024-06-01,Furniture,North,144443.46,2024,6,2,251785.18,113148.79000000001,257469.15,207467.70666666667,1.225257380127529
2024-07-01,Furniture,North,382150.71,2024,7,3,144443.46,251785.18,113148.79000000001,169792.47666666665,-0.4263226294732677
2024-08-01,Furniture,North,288154.16,2024,8,3,382150.71,144443.46,251785.18,259459.78333333335,1.645676792843373
2024-09-01,Furniture,North,343419.45,2024,9,3,288154.16,382150.71,144443.46,271582.7766666667,-0.24596722586227837
2024-10-01,Furniture,North,153163.04,2024,10,4,343419.45,288154.16,382150.71,337908.1066666667,0.19179070675224685
2024-11-01,Furniture,North,166081.11,2024,11,4,153163.04,343419.45,288154.16,261578.88333333333,-0.5540059248245841
2024-12-01,Furniture,North,246562.5,2024,12,4,166081.11,153163.04,343419.45,220887.86666666667,0.08434195351567841
2025-01-01,Furniture,North,173702.72,2025,1,1,246562.5,166081.11,153163.04,188602.21666666667,0.4845908724959751
2025-02-01,Furniture,North,224870.19,2025,2,1,173702.72,246562.5,166081.11,195448.77666666664,-0.29550227629911274
2025-03-01,Furniture,North,291623.05,2025,3,1,224870.19,173702.72,246562.5,215045.13666666663,0.29456919269888227
2025-04-01,Furniture,North,78412.82,2025,4,2,291623.05,224870.19,173702.72,230065.31999999998,0.2968506408074809
2025-05-01,Furniture,North,384131.1,2025,5,2,78412.82,291623.05,224870.19,198302.02000000002,-0.7311158360081619
2025-06-01,Furniture,North,230488.72,2025,6,2,384131.1,78412.82,291623.05,251388.99,3.8988303188177644
2025-07-01,Furniture,North,162419.28,2025,7,3,230488.72,384131.1,78412.82,231010.88,-0.3999738110244132
2025-08-01,Furniture,North,388445.32,2025,8,3,162419.28,230488.72,384131.1,259013.03333333335,-0.2953265565447194
2025-09-01,Furniture,North,265787.2,2025,9,3,388445.32,162419.28,230488.72,260451.1066666667,1.391620748472718
2025-10-01,Furniture,North,366630.71,2025,10,4,265787.2,388445.32,162419.28,272217.26666666666,-0.3157667596561595
2025-11-01,Furniture,North,220379.07,2025,11,4,366630.71,265787.2,388445.32,340287.74333333335,0.37941447142676554
2025-12-01,Furniture,North,216266.04,2025,12,4,220379.07,366630.71,265787.2,284265.66,-0.39890722738419815
2023-04-01,Furniture,South,346154.89999999997,2023,4,2,101365.9,197382.89,187668.08,162138.95666666667,-0.4864504213105807
2023-05-01,Furniture,South,226090.83000000002,2023,5,2,346154.89999999997,101365.9,197382.89,214967.89666666664,2.414904815130137
2023-06-01,Furniture,South,130236.47,2023,6,2,226090.83000000002,346154.89999999997,101365.9,224537.21,-0.3468507018100855
2023-07-01,Furniture,South,343743.36,2023,7,3,130236.47,226090.83000000002,346154.89999999997,234160.7333333333,-0.4239639440485048
2023-08-01,Furniture,South,230864.68,2023,8,3,343743.36,130236.47,226090.83000000002,233356.88666666663,1.639378662520567
2023-09-01,Furniture,South,321411.6,2023,9,3,230864.68,343743.36,130236.47,234948.17,-0.32838068493890327
2023-10-01,Furniture,South,218604.9,2023,10,4,321411.6,230864.68,343743.36,298673.2133333333,0.39220776430591275
2023-11-01,Furniture,South,148564.84,2023,11,4,218604.9,321411.6,230864.68,256960.3933333333,-0.31985995527230504
2023-12-01,Furniture,South,175843.15,2023,12,4,148564.84,218604.9,321411.6,229527.11333333337,-0.32039565444324436
2024-01-01,Furniture,South,324176.85,2024,1,1,175843.15,148564.84,218604.9,181004.29666666666,0.18361215210812998
2024-02-01,Furniture,South,144604.43,2024,2,1,324176.85,175843.15,148564.84,216194.94666666666,0.8435568857814477
2024-03-01,Furniture,South,250060.7,2024,3,1,144604.43,324176.85,175843.15,214874.80999999997,-0.5539335088239644
2024-04-01,Furniture,South,261375.38,2024,4,2,250060.7,144604.43,324176.85,239613.99333333332,0.7292741308132815
2024-05-01,Furniture,South,104460.32,2024,5,2,261375.38,250060.7,144604.43,218680.17,0.04524773385022107
2024-06-01,Furniture,South,165380.39,2024,6,2,104460.32,261375.38,250060.7,205298.80000000002,-0.6003436896007573
2024-07-01,Furniture,South,166138.9,2024,7,3,165380.39,104460.32,261375.38,177072.03000000003,0.5831886212870112
2024-08-01,Furniture,South,326065.99,2024,8,3,166138.9,165380.39,104460.32,145326.53666666665,0.004586456713519649
2024-09-01,Furniture,South,126188.95,2024,9,3,326065.99,166138.9,165380.39,219195.09333333335,0.9626107431793518
2024-10-01,Furniture,South,246286.55,2024,10,4,126188.95,326065.99,166138.9,206131.28,-0.612995669986925
2024-11-01,Furniture,South,153879.29,2024,11,4,246286.55,126188.95,326065.99,232847.16333333333,0.9517283407144603
2024-12-01,Furniture,South,274221.43,2024,12,4,153879.29,246286.55,126188.95,175451.59666666665,-0.37520221871636916
2025-01-01,Furniture,South,122712.71,2025,1,1,274221.43,153879.29,246286.55,224795.75666666668,0.7820554669832436
2025-02-01,Furniture,South,358071.88999999996,2025,2,1,122712.71,274221.43,153879.29,183604.47666666665,-0.5525050321559478
2025-03-01,Furniture,South,178369.85,2025,3,1,358071.88999999996,122712.71,274221.43,251668.67666666664,1.9179690514535936
2025-04-01,Furniture,South,191886.62,2025,4,2,178369.85,358071.88999999996,122712.71,219718.15,-0.5018602270063701
2025-05-01,Furniture,South,214348.32,2025,5,2,191886.62,178369.85,358071.88999999996,242776.12,0.0757794548798465
2025-06-01,Furniture,South,278369.79000000004,2025,6,2,214348.32,191886.62,178369.85,194868.26333333334,0.1170571455164513
2025-07-01,Furniture,South,311655.27,2025,7,3,278369.79000000004,214348.32,191886.62,228201.5766666667,0.298679597768716
2025-08-01,Furniture,South,209121.02000000002,2025,8,3,311655.27,278369.79000000004,214348.32,268124.46,0.11957288899776075
2025-09-01,Furniture,South,191412.46,2025,9,3,209121.02000000002,311655.27,278369.79000000004,266382.0266666667,-0.3289989288485319
2025-10-01,Furniture,South,206215.02,2025,10,4,191412.46,209121.02000000002,311655.27,237396.25,-0.08468091825489388
2025-11-01,Furniture,South,127594.03,2025,11,4,206215.02,191412.46,209121.02000000002,202249.5,0.07733331466509541
2025-12-01,Furniture,South,177719.13,2025,12,4,127594.03,206215.02,191412.46,175073.83666666667,-0.38125734003274836
2023-04-01,Furniture,West,227390.79,2023,4,2,168900.56,233266.36,447031.63,283066.18333333335,-0.27593262911977534
2023-05-01,Furniture,West,248748.38,2023,5,2,227390.79,168900.56,233266.36,209852.56999999998,0.3462997991244079
2023-06-01,Furniture,West,438574.91000000003,2023,6,2,248748.38,227390.79,168900.56,215013.24333333332,0.09392460442219308
2023-07-01,Furniture,West,180153.19,2023,7,3,438574.91000000003,248748.38,227390.79,304904.69333333336,0.7631266985537757
2023-08-01,Furniture,West,160774.63999999998,2023,8,3,180153.19,438574.91000000003,248748.38,289158.82666666666,-0.5892305148053272
2023-09-01,Furniture,West,226750.18,2023,9,3,160774.63999999998,180153.19,438574.91000000003,259834.24666666667,-0.1075670655623695
2023-10-01,Furniture,West,422285.14,2023,10,4,226750.18,160774.63999999998,180153.19,189226.0033333333,0.4103603652914416
2023-11-01,Furniture,West,209235.47,2023,11,4,422285.14,226750.18,160774.63999999998,269936.6533333333,0.8623365150140125
2023-12-01,Furniture,West,153250.91999999998,2023,12,4,209235.47,422285.14,226750.18,286090.2633333333,-0.504516142812887
2024-01-01,Furniture,West,266049.74,2024,1,1,153250.91999999998,209235.47,422285.14,261590.50999999998,-0.26756720550296764
2024-02-01,Furniture,West,175534.6,2024,2,1,266049.74,153250.91999999998,209235.47,209512.0433333333,0.7360400838050436
2024-03-01,Furniture,West,313991.04000000004,2024,3,1,175534.6,266049.74,153250.91999999998,198278.41999999995,-0.3402188628336942
2024-04-01,Furniture,West,415383.57,2024,4,2,313991.04000000004,175534.6,266049.74,251858.45999999996,0.7887700772383337
2024-05-01,Furniture,West,172144.7,2024,5,2,415383.57,313991.04000000004,175534.6,301636.4033333333,0.3229153608969222
2024-06-01,Furniture,West,248901.61000000002,2024,6,2,172144.7,415383.57,313991.04000000004,300506.43666666665,-0.5855765311083441
2024-07-01,Furniture,West,190929.78,2024,7,3,248901.61000000002,172144.7,415383.57,278809.95999999996,0.44588599010018903
2024-08-01,Furniture,West,220184.77000000002,2024,8,3,190929.78,248901.61000000002,172144.7,203992.02999999994,-0.2329106268135429
2024-09-01,Furniture,West,215797.3,2024,9,3,220184.77000000002,190929.78,248901.61000000002,220005.38666666663,0.15322381872539736
2024-10-01,Furniture,West,317224.91,2024,10,4,215797.3,220184.77000000002,190929.78,208970.6166666666,-0.01992631007130974
2024-11-01,Furniture,West,120793.64,2024,11,4,317224.91,215797.3,220184.77000000002,251068.9933333333,0.47001334122345373
2024-12-01,Furniture,West,159481.34999999998,2024,12,4,120793.64,317224.91,215797.3,217938.6166666666,-0.6192176711469475
2025-01-01,Furniture,West,309237.68,2025,1,1,159481.34999999998,120793.64,317224.91,199166.6333333333,0.3202793623902713
2025-02-01,Furniture,West,328483.29000000004,2025,2,1,309237.68,159481.34999999998,120793.64,196504.2233333333,0.9390209576229449
2025-03-01,Furniture,West,143448.06,2025,3,1,328483.29000000004,309237.68,159481.34999999998,265734.10666666663,0.06223565640513162
2025-04-01,Furniture,West,191742.85,2025,4,2,143448.06,328483.29000000004,309237.68,260389.67666666664,-0.5633018044844839
2025-05-01,Furniture,West,374036.47,2025,5,2,191742.85,143448.06,328483.29000000004,221224.7333333333,0.336670917682679
2025-06-01,Furniture,West,217317.78,2025,6,2,374036.47,191742.85,143448.06,236409.12666666662,0.9507192575890051
2025-07-01,Furniture,West,233025.3,2025,7,3,217317.78,374036.47,191742.85,261032.3666666666,-0.4189930730551489
2025-08-01,Furniture,West,282592.08,2025,8,3,233025.3,217317.78,374036.47,274793.1833333333,0.07227903763787746
2025-09-01,Furniture,West,268123.81,2025,9,3,282592.08,233025.3,217317.78,244311.71999999997,0.21270986455118845
2025-10-01,Furniture,West,224434.95,2025,10,4,268123.81,282592.08,233025.3,261247.06333333332,-0.0511984270755218
2025-11-01,Furniture,West,300850.19,2025,11,4,224434.95,268123.81,282592.08,258383.6133333333,-0.16294285837576294
2025-12-01,Furniture,West,338824.68,2025,12,4,300850.19,224434.95,268123.81,264469.64999999997,0.3404783435022041
2023-04-01,Office Supplies,Central,99249.05,2023,4,2,29381.87,130646.44,174726.66,111584.99,-0.7751039370073919
2023-05-01,Office Supplies,Central,85038.89,2023,5,2,99249.05,29381.87,130646.44,86425.78666666667,2.377901066201709
2023-06-01,Office Supplies,Central,136540.68,2023,6,2,85038.89,99249.05,29381.87,71223.27,-0.14317678607503048
2023-07-01,Office Supplies,Central,58056.920000000006,2023,7,3,136540.68,85038.89,99249.05,106942.87333333334,0.6056263199108078
2023-08-01,Office Supplies,Central,163980.6,2023,8,3,58056.920000000006,136540.68,85038.89,93212.16333333333,-0.5748012973130059
2023-09-01,Office Supplies,Central,190900.82,2023,9,3,163980.6,58056.920000000006,136540.68,119526.06666666667,1.8244798380623704
2023-10-01,Office Supplies,Central,103067.6,2023,10,4,190900.82,163980.6,58056.920000000006,137646.11333333334,0.16416710269385515
2023-11-01,Office Supplies,Central,143141.97,2023,11,4,103067.6,190900.82,163980.6,152649.67333333334,-0.46009870465721414
2023-12-01,Office Supplies,Central,152933.11,2023,12,4,143141.97,103067.6,190900.82,145703.46333333335,0.3888163690626345
2024-01-01,Office Supplies,Central,93667.56,2024,1,1,152933.11,143141.97,103067.6,133047.56,0.068401601570804
2024-02-01,Office Supplies,Central,152925.33000000002,2024,2,1,93667.56,152933.11,143141.97,129914.21333333332,-0.38752595824409763
2024-03-01,Office Supplies,Central,92147.51,2024,3,1,152925.33000000002,93667.56,152933.11,133175.33333333334,0.632639197604806
2024-04-01,Office Supplies,Central,69198.18000000001,2024,4,2,92147.51,152925.33000000002,93667.56,112913.46666666667,-0.39743461727367213
2024-05-01,Office Supplies,Central,158033.11,2024,5,2,69198.18000000001,92147.51,152925.33000000002,104757.00666666667,-0.24904992006837723
2024-06-01,Office Supplies,Central,76672.24,2024,6,2,158033.11,69198.18000000001,92147.51,106459.59999999999,1.2837755270442077
2024-07-01,Office Supplies,Central,82867.24,2024,7,3,76672.24,158033.11,69198.18000000001,101301.17666666665,-0.5148343280721361
2024-08-01,Office Supplies,Central,107019.95999999999,2024,8,3,82867.24,76672.24,158033.11,105857.52999999998,0.08079847412831564
2024-09-01,Office Supplies,Central,171764.41,2024,9,3,107019.95999999999,82867.24,76672.24,88853.14666666667,0.2914628265645143
2024-10-01,Office Supplies,Central,115701.26,2024,10,4,171764.41,107019.95999999999,82867.24,120550.53666666667,0.6049754643900074
2024-11-01,Office Supplies,Central,132257.90000000002,2024,11,4,115701.26,171764.41,107019.95999999999,131495.21,-0.32639561361984126
2024-12-01,Office Supplies,Central,119708.45999999999,2024,12,4,132257.90000000002,115701.26,171764.41,139907.85666666666,0.14309818233613036
2025-01-01,Office Supplies,Central,124383.05,2025,1,1,119708.45999999999,132257.90000000002,115701.26,122555.87333333334,-0.09488612778518357
2025-02-01,Office Supplies,Central,51151.58,2025,2,1,124383.05,119708.45999999999,132257.90000000002,125449.80333333333,0.03904978812692117
2025-03-01,Office Supplies,Central,204931.08,2025,3,1,51151.58,124383.05,119708.45999999999,98414.36333333333,-0.588757632169335
2025-04-01,Office Supplies,Central,41396.39,2025,4,2,204931.08,51151.58,124383.05,126821.90333333332,3.0063489729936004
2025-05-01,Office Supplies,Central,59669.479999999996,2025,5,2,41396.39,204931.08,51151.58,99159.68333333333,-0.7979984783176861
2025-06-01,Office Supplies,Central,62138.82000000001,2025,6,2,59669.479999999996,41396.39,204931.08,101998.98333333332,0.4414174762581953
2025-07-01,Office Supplies,Central,177212.42,2025,7,3,62138.82000000001,59669.479999999996,41396.39,54401.563333333324,0.041383635319094614
2025-08-01,Office Supplies,Central,202005.05000000002,2025,8,3,177212.42,62138.82000000001,59669.479999999996,99673.57333333332,1.8518793887621294
2025-09-01,Office Supplies,Central,104529.03,2025,9,3,202005.05000000002,177212.42,62138.82000000001,147118.76333333334,0.13990345597673115
2025-10-01,Office Supplies,Central,86265.14,2025,10,4,104529.03,202005.05000000002,177212.42,161248.83333333334,-0.48254249089317325
2025-11-01,Office Supplies,Central,73435.2,2025,11,4,86265.14,104529.03,202005.05000000002,130933.07333333332,-0.1747255284010576
2025-12-01,Office Supplies,Central,125718.08,2025,12,4,73435.2,86265.14,104529.03,88076.45666666667,-0.1487268205905653
2023-04-01,Office Supplies,East,181730.87,2023,4,2,11903.91,88954.45999999999,125203.09,75353.81999999999,-0.8661797283688755
2023-05-01,Office Supplies,East,249561.6,2023,5,2,181730.87,11903.91,88954.45999999999,94196.41333333333,14.266485549705937
2023-06-01,Office Supplies,East,120226.37000000001,2023,6,2,249561.6,181730.87,11903.91,147732.12666666668,0.3732482544104918
2023-07-01,Office Supplies,East,122870.99,2023,7,3,120226.37000000001,249561.6,181730.87,183839.61333333337,-0.5182497227137508
2023-08-01,Office Supplies,East,156458.14,2023,8,3,122870.99,120226.37000000001,249561.6,164219.65333333335,0.02199700448412445
2023-09-01,Office Supplies,East,87335.88,2023,9,3,156458.14,122870.99,120226.37000000001,133185.16666666666,0.27335296964726985
2023-10-01,Office Supplies,East,260466.95,2023,10,4,87335.88,156458.14,122870.99,122221.67,-0.44179395204365846
2023-11-01,Office Supplies,East,371316.89,2023,11,4,260466.95,87335.88,156458.14,168086.99000000002,1.982359025866574
2023-12-01,Office Supplies,East,78213.38,2023,12,4,371316.89,260466.95,87335.88,239706.57333333333,0.4255815949010038
2024-01-01,Office Supplies,East,141958.51,2024,1,1,78213.38,371316.89,260466.95,236665.74,-0.7893621806430621
2024-02-01,Office Supplies,East,157816.97999999998,2024,2,1,141958.51,78213.38,371316.89,197162.92666666667,0.8150156661174852
2024-03-01,Office Supplies,East,98725.70999999999,2024,3,1,157816.97999999998,141958.51,78213.38,125996.29,0.11171200655740865
2024-04-01,Office Supplies,East,118181.22,2024,4,2,98725.70999999999,157816.97999999998,141958.51,132833.7333333333,-0.3744291013552534
2024-05-01,Office Supplies,East,248750.45,2024,5,2,118181.22,98725.70999999999,157816.97999999998,124907.96999999999,0.1970662961046319
2024-06-01,Office Supplies,East,222044.1,2024,6,2,248750.45,118181.22,98725.70999999999,155219.12666666668,1.1048221536382856
2024-07-01,Office Supplies,East,156264.92,2024,7,3,222044.1,248750.45,118181.22,196325.25666666668,-0.10736201683253244
2024-08-01,Office Supplies,East,179256.01,2024,8,3,156264.92,222044.1,248750.45,209019.82333333333,-0.29624376418918585
2024-09-01,Office Supplies,East,147347.04,2024,9,3,179256.01,156264.92,222044.1,185855.01,0.14712892695302315
2024-10-01,Office Supplies,East,209898.13999999998,2024,10,4,147347.04,179256.01,156264.92,160955.99000000002,-0.17800781128621568
2024-11-01,Office Supplies,East,109946.92,2024,11,4,209898.13999999998,147347.04,179256.01,178833.72999999998,0.42451548398936256
2024-12-01,Office Supplies,East,300940.08,2024,12,4,109946.92,209898.13999999998,147347.04,155730.69999999998,-0.47618916489683993
2025-01-01,Office Supplies,East,31403.66,2025,1,1,300940.08,109946.92,209898.13999999998,206928.37999999998,1.7371397034132472
2025-02-01,Office Supplies,East,85775.76,2025,2,1,31403.66,300940.08,109946.92,147430.22,-0.8956481303520621
2025-03-01,Office Supplies,East,166593.67,2025,3,1,85775.76,31403.66,300940.08,139373.16666666666,1.7313937292659518
2025-04-01,Office Supplies,East,145629.58,2025,4,2,166593.67,85775.76,31403.66,94591.03000000001,0.9421998709192436
2025-05-01,Office Supplies,East,45918.630000000005,2025,5,2,145629.58,166593.67,85775.76,132666.33666666667,-0.12583965525220753
2025-06-01,Office Supplies,East,183152.54,2025,6,2,45918.630000000005,145629.58,166593.67,119380.62666666666,-0.6846888523609007
2025-07-01,Office Supplies,East,190920.57,2025,7,3,183152.54,45918.630000000005,145629.58,124900.25,2.988632500577652
2025-08-01,Office Supplies,East,198380.15,2025,8,3,190920.57,183152.54,45918.630000000005,139997.24666666667,0.042412898013863165
2025-09-01,Office Supplies,East,178224.98,2025,9,3,198380.15,190920.57,183152.54,190817.75333333333,0.03907164115422446
2025-10-01,Office Supplies,East,99918.81999999999,2025,10,4,178224.98,198380.15,190920.57,189175.2333333333,-0.1015987234609913
2025-11-01,Office Supplies,East,38196.36,2025,11,4,99918.81999999999,178224.98,198380.15,158841.31666666668,-0.43936691702812936
2025-12-01,Office Supplies,East,207406.21999999997,2025,12,4,38196.36,99918.81999999999,178224.98,105446.72000000002,-0.6177260700236451
2023-04-01,Office Supplies,North,96991.87,2023,4,2,98059.44,140625.04,90112.65,109599.04333333333,-0.3026886250130133
2023-05-01,Office Supplies,North,160662.39,2023,5,2,96991.87,98059.44,140625.04,111892.11666666665,-0.010886968149114495
2023-06-01,Office Supplies,North,180955.62,2023,6,2,160662.39,96991.87,98059.44,118571.23333333334,0.6564521335654216
2023-07-01,Office Supplies,North,299773.48,2023,7,3,180955.62,160662.39,96991.87,146203.29333333333,0.12630977293441226
2023-08-01,Office Supplies,North,91930.85,2023,8,3,299773.48,180955.62,160662.39,213797.16333333333,0.6566132624120764
2023-09-01,Office Supplies,North,171280.83000000002,2023,9,3,91930.85,299773.48,180955.62,190886.65,-0.6933322787592818
2023-10-01,Office Supplies,North,120643.55,2023,10,4,171280.83000000002,91930.85,299773.48,187661.72,0.8631485513296135
2023-11-01,Office Supplies,North,218714.99,2023,11,4,120643.55,171280.83000000002,91930.85,127951.74333333335,-0.2956389223475856
2023-12-01,Office Supplies,North,173882.34,2023,12,4,218714.99,120643.55,171280.83000000002,170213.12333333332,0.8129024717856859
2024-01-01,Office Supplies,North,292778.11,2024,1,1,173882.34,218714.99,120643.55,171080.29333333333,-0.20498206364364868
2024-02-01,Office Supplies,North,203964.27,2024,2,1,292778.11,173882.34,218714.99,228458.47999999998,0.6837713939207397
2024-03-01,Office Supplies,North,206010.59,2024,3,1,203964.27,292778.11,173882.34,223541.57333333333,-0.30334863490989816
2024-04-01,Office Supplies,North,56946.76,2024,4,2,206010.59,203964.27,292778.11,234250.99,0.010032737596638919
2024-05-01,Office Supplies,North,310099.56,2024,5,2,56946.76,206010.59,203964.27,155640.54,-0.7235736279382531
2024-06-01,Office Supplies,North,137843.84,2024,6,2,310099.56,56946.76,206010.59,191018.96999999997,4.4454293800033575
2024-07-01,Office Supplies,North,94732.12,2024,7,3,137843.84,310099.56,56946.76,168296.72,-0.5554852125556063
2024-08-01,Office Supplies,North,124980.3,2024,8,3,94732.12,137843.84,310099.56,180891.84,-0.31275768289682004
2024-09-01,Office Supplies,North,158263.52000000002,2024,9,3,124980.3,94732.12,137843.84,119185.42,0.3193022598881985
2024-10-01,Office Supplies,North,146281.01,2024,10,4,158263.52000000002,124980.3,94732.12,125991.98000000003,0.2663077300982637
2024-11-01,Office Supplies,North,152256.93,2024,11,4,146281.01,158263.52000000002,124980.3,143174.94333333336,-0.07571239411331188
2024-12-01,Office Supplies,North,125161.87,2024,12,4,152256.93,146281.01,158263.52000000002,152267.15333333335,0.0408523293625056
2025-01-01,Office Supplies,North,185094.39,2025,1,1,125161.87,152256.93,146281.01,141233.27000000002,-0.17795616922001511
2025-02-01,Office Supplies,North,175505.58000000002,2025,2,1,185094.39,125161.87,152256.93,154171.06333333335,0.47884008124838684
2025-03-01,Office Supplies,North,122467.20999999999,2025,3,1,175505.58000000002,185094.39,125161.87,161920.61333333337,-0.05180497366775949
2025-04-01,Office Supplies,North,299962.13,2025,4,2,122467.20999999999,175505.58000000002,185094.39,161022.39333333334,-0.3022033259569298
2025-05-01,Office Supplies,North,172827.64,2025,5,2,299962.13,122467.20999999999,175505.58000000002,199311.64,1.4493260685860325
2025-06-01,Office Supplies,North,252915.61,2025,6,2,172827.64,299962.13,122467.20999999999,198418.99333333332,-0.42383513545526563
2025-07-01,Office Supplies,North,161639.80000000002,2025,7,3,252915.61,172827.64,299962.13,241901.79333333336,0.46339792639649513
2025-08-01,Office Supplies,North,70839.38,2025,8,3,161639.80000000002,252915.61,172827.64,195794.35,-0.36089433151239647
2025-09-01,Office Supplies,North,244198.05999999997,2025,9,3,70839.38,161639.80000000002,252915.61,161798.26333333334,-0.5617454364581
2025-10-01,Office Supplies,North,60708.96,2025,10,4,244198.05999999997,70839.38,161639.80000000002,158892.41333333336,2.447207753653405
2025-11-01,Office Supplies,North,163425.29,2025,11,4,60708.96,244198.05999999997,70839.38,125248.80000000003,-0.7513945851985884
2025-12-01,Office Supplies,North,159470.81,2025,12,4,163425.29,60708.96,244198.05999999997,156110.77,1.6919467900619614
2023-04-01,Office Supplies,South,158925.04,2023,4,2,127261.8,100715.25,285641.01,171206.02,0.26358024231682897
2023-05-01,Office Supplies,South,94549.71,2023,5,2,158925.04,127261.8,100715.25,128967.36333333334,0.24880396159727436
2023-06-01,Office Supplies,South,84619.19,2023,6,2,94549.71,158925.04,127261.8,126912.18333333335,-0.40506725686524914
2023-07-01,Office Supplies,South,185161.01,2023,7,3,84619.19,94549.71,158925.04,112697.98000000003,-0.10502961881109951
2023-08-01,Office Supplies,South,41588.65,2023,8,3,185161.01,84619.19,94549.71,121443.30333333334,1.1881680739321658
2023-09-01,Office Supplies,South,122346.01,2023,9,3,41588.65,185161.01,84619.19,103789.61666666668,-0.7753919683198963
2023-10-01,Office Supplies,South,286105.32999999996,2023,10,4,122346.01,41588.65,185161.01,116365.22333333334,1.941812489705725
2023-11-01,Office Supplies,South,149569.36,2023,11,4,286105.32999999996,122346.01,41588.65,150013.33,1.3384933435916708
2023-12-01,Office Supplies,South,74956.78,2023,12,4,149569.36,286105.32999999996,122346.01,186006.9,-0.47722274170844703
2024-01-01,Office Supplies,South,132694.88,2024,1,1,74956.78,149569.36,286105.32999999996,170210.49,-0.4988493632653105
2024-02-01,Office Supplies,South,40824.31,2024,2,1,132694.88,74956.78,149569.36,119073.67333333334,0.7702852230311923
2024-03-01,Office Supplies,South,132904.48,2024,3,1,40824.31,132694.88,74956.78,82825.32333333333,-0.6923444973913085
2024-04-01,Office Supplies,South,162677.84999999998,2024,4,2,132904.48,40824.31,132694.88,102141.22333333334,2.255522995979602
2024-05-01,Office Supplies,South,83979.53,2024,5,2,162677.84999999998,132904.48,40824.31,112135.54666666668,0.2240208155511385
2024-06-01,Office Supplies,South,77322.93000000001,2024,6,2,83979.53,162677.84999999998,132904.48,126520.62,-0.48376788849864927
2024-07-01,Office Supplies,South,69039.96,2024,7,3,77322.93000000001,83979.53,162677.84999999998,107993.43666666666,-0.07926455411217459
2024-08-01,Office Supplies,South,335148.23,2024,8,3,69039.96,77322.93000000001,83979.53,76780.80666666667,-0.10712178133963624
2024-09-01,Office Supplies,South,178830.9,2024,9,3,335148.23,69039.96,77322.93000000001,160503.70666666667,3.8544093884179533
2024-10-01,Office Supplies,South,101645.09,2024,10,4,178830.9,335148.23,69039.96,194339.69666666666,-0.46641251842505627
2024-11-01,Office Supplies,South,161080.95,2024,11,4,101645.09,178830.9,335148.23,205208.07333333333,-0.43161338448780384
2024-12-01,Office Supplies,South,164144.97,2024,12,4,161080.95,101645.09,178830.9,147185.64666666667,0.5847391152883039
2025-01-01,Office Supplies,South,198090.79000000004,2025,1,1,164144.97,161080.95,101645.09,142290.33666666667,0.01902161615014064
2025-02-01,Office Supplies,South,213447.16999999998,2025,2,1,198090.79000000004,164144.97,161080.95,174438.90333333335,0.20680390023526174
2025-03-01,Office Supplies,South,137984.33000000002,2025,3,1,213447.16999999998,198090.79000000004,164144.97,191894.31000000003,0.0775219282027193
2025-04-01,Office Supplies,South,159911.32,2025,4,2,137984.33000000002,213447.16999999998,198090.79000000004,183174.09666666668,-0.35354340842279597
2025-05-01,Office Supplies,South,98188.88,2025,5,2,159911.32,137984.33000000002,213447.16999999998,170447.6066666667,0.15890927614751615
2025-06-01,Office Supplies,South,97340.93,2025,6,2,98188.88,159911.32,137984.33000000002,132028.17666666667,-0.3859791789599385
2025-07-01,Office Supplies,South,261135.69,2025,7,3,97340.93,98188.88,159911.32,118480.37666666666,-0.008635906632197154
2025-08-01,Office Supplies,South,35040.01,2025,8,3,261135.69,97340.93,98188.88,152221.83333333334,1.6826915460947416
2025-09-01,Office Supplies,South,92159.87,2025,9,3,35040.01,261135.69,97340.93,131172.21,-0.8658168479383266
2025-10-01,Office Supplies,South,230624.46000000002,2025,10,4,92159.87,35040.01,261135.69,129445.19,1.63013252564711
2025-11-01,Office Supplies,South,164431.43,2025,11,4,230624.46000000002,92159.87,35040.01,119274.78000000001,1.5024390767912328
2025-12-01,Office Supplies,South,62012.32,2025,12,4,164431.43,230624.46000000002,92159.87,162405.25333333333,-0.28701652027716407
2023-04-01,Office Supplies,West,115402.0,2023,4,2,26974.82,174709.28999999998,309433.64,170372.58333333334,-0.8456016849476063
2023-05-01,Office Supplies,West,216744.34,2023,5,2,115402.0,26974.82,174709.28999999998,105695.37,3.278137907871119
2023-06-01,Office Supplies,West,246706.95,2023,6,2,216744.34,115402.0,26974.82,119707.05333333334,0.8781679693592832
2023-07-01,Office Supplies,West,245055.25,2023,7,3,246706.95,216744.34,115402.0,192951.09666666668,0.13823941146513907
2023-08-01,Office Supplies,West,220052.29,2023,8,3,245055.25,246706.95,216744.34,236168.84666666668,-0.006694987717208667
2023-09-01,Office Supplies,West,88645.66,2023,9,3,220052.29,245055.25,246706.95,237271.49666666667,-0.10202988917805267
2023-10-01,Office Supplies,West,163489.58000000002,2023,10,4,88645.66,220052.29,245055.25,184584.4,-0.5971609293409308
2023-11-01,Office Supplies,West,165018.22,2023,11,4,163489.58000000002,88645.66,220052.29,157395.84333333335,0.8443043912132868
2023-12-01,Office Supplies,West,117077.57,2023,12,4,165018.22,163489.58000000002,88645.66,139051.15333333335,0.009350076010960384
2024-01-01,Office Supplies,West,41717.83,2024,1,1,117077.57,165018.22,163489.58000000002,148528.4566666667,-0.29051731378510803
2024-02-01,Office Supplies,West,117086.05,2024,2,1,41717.83,117077.57,165018.22,107937.87333333335,-0.6436735917904686
2024-03-01,Office Supplies,West,98605.43000000001,2024,3,1,117086.05,41717.83,117077.57,91960.48333333334,1.8066188965245793
2024-04-01,Office Supplies,West,177047.08000000002,2024,4,2,98605.43000000001,117086.05,41717.83,85803.10333333333,-0.1578379320166663
2024-05-01,Office Supplies,West,192428.29,2024,5,2,177047.08000000002,98605.43000000001,117086.05,130912.85333333333,0.7955104500837327
2024-06-01,Office Supplies,West,250050.88,2024,6,2,192428.29,177047.08000000002,98605.43000000001,156026.93333333335,0.0868763833890962
2024-07-01,Office Supplies,West,117702.95,2024,7,3,250050.88,192428.29,177047.08000000002,206508.75,0.2994496807096294
2024-08-01,Office Supplies,West,78911.92,2024,8,3,117702.95,250050.88,192428.29,186727.37333333332,-0.5292840001202955
2024-09-01,Office Supplies,West,65509.29,2024,9,3,78911.92,117702.95,250050.88,148888.58333333334,-0.3295671858691732
2024-10-01,Office Supplies,West,158756.49,2024,10,4,65509.29,78911.92,117702.95,87374.72,-0.16984290839710903
2024-11-01,Office Supplies,West,168008.08000000002,2024,11,4,158756.49,65509.29,78911.92,101059.23333333334,1.4234194875261204
2024-12-01,Office Supplies,West,241063.78,2024,12,4,168008.08000000002,158756.49,65509.29,130757.95333333332,0.0582753498770352
2025-01-01,Office Supplies,West,346951.92,2025,1,1,241063.78,168008.08000000002,158756.49,189276.1166666667,0.4348344436767564
2025-02-01,Office Supplies,West,134393.69,2025,2,1,346951.92,241063.78,168008.08000000002,252007.92666666667,0.4392536282306698
2025-03-01,Office Supplies,West,98923.5,2025,3,1,134393.69,346951.92,241063.78,240803.12999999998,-0.6126446281087017
2025-04-01,Office Supplies,West,194126.66,2025,4,2,98923.5,134393.69,346951.92,193423.03666666665,-0.2639274954054762
2025-05-01,Office Supplies,West,241208.69,2025,5,2,194126.66,98923.5,134393.69,142481.28333333333,0.9623917471581576
2025-06-01,Office Supplies,West,102046.62,2025,6,2,241208.69,194126.66,98923.5,178086.28333333333,0.2425325300502259
2025-07-01,Office Supplies,West,210836.94,2025,7,3,102046.62,241208.69,194126.66,179127.32333333333,-0.5769363864958597
2025-08-01,Office Supplies,West,239929.95,2025,8,3,210836.94,102046.62,241208.69,184697.41666666666,1.0660845013778997
2025-09-01,Office Supplies,West,155717.64,2025,9,3,239929.95,210836.94,102046.62,184271.17,0.137988200739396
2025-10-01,Office Supplies,West,97553.24,2025,10,4,155717.64,239929.95,210836.94,202161.51,-0.35098706935086676
2025-11-01,Office Supplies,West,156003.8,2025,11,4,97553.24,155717.64,239929.95,164400.27666666667,-0.37352479783279535
2025-12-01,Office Supplies,West,153854.88999999998,2025,12,4,156003.8,97553.24,155717.64,136424.89333333334,0.599165747852147
2023-04-01,Stationery,Central,14720.06,2023,4,2,27498.16,9994.08,3670.3,13720.846666666665,1.7514448553543698
2023-05-01,Stationery,Central,31479.0,2023,5,2,14720.06,27498.16,9994.08,17404.1,-0.464689273755044
2023-06-01,Stationery,Central,25588.61,2023,6,2,31479.0,14720.06,27498.16,24565.74,1.1385103049851701
2023-07-01,Stationery,Central,17950.510000000002,2023,7,3,25588.61,31479.0,14720.06,23929.22333333333,-0.1871212554401347
2023-08-01,Stationery,Central,18169.49,2023,8,3,17950.510000000002,25588.61,31479.0,25006.039999999997,-0.29849608868945987
2023-09-01,Stationery,Central,18059.23,2023,9,3,18169.49,17950.510000000002,25588.61,20569.536666666667,0.012199096293085798
2023-10-01,Stationery,Central,18972.72,2023,10,4,18059.23,18169.49,17950.510000000002,18059.743333333336,-0.00606841468857966
2023-11-01,Stationery,Central,27831.68,2023,11,4,18972.72,18059.23,18169.49,18400.48,0.0505829982784427
2023-12-01,Stationery,Central,2932.06,2023,12,4,27831.68,18972.72,18059.23,21621.21,0.46693146791814777
2024-01-01,Stationery,Central,16298.020000000002,2024,1,1,2932.06,27831.68,18972.72,16578.82,-0.8946502690459218
2024-02-01,Stationery,Central,30470.989999999998,2024,2,1,16298.020000000002,2932.06,27831.68,15687.253333333334,4.558556100489077
2024-03-01,Stationery,Central,16157.419999999998,2024,3,1,30470.989999999998,16298.020000000002,2932.06,16567.023333333334,0.8696129959344752
2024-04-01,Stationery,Central,8212.21,2024,4,2,16157.419999999998,30470.989999999998,16298.020000000002,20975.476666666666,-0.46974417306428184
2024-05-01,Stationery,Central,34906.729999999996,2024,5,2,8212.21,16157.419999999998,30470.989999999998,18280.206666666665,-0.49173754225612754
2024-06-01,Stationery,Central,23534.06,2024,6,2,34906.729999999996,8212.21,16157.419999999998,19758.786666666663,3.250589061896858
2024-07-01,Stationery,Central,16128.89,2024,7,3,23534.06,34906.729999999996,8212.21,22217.666666666668,-0.32580164340801887
2024-08-01,Stationery,Central,18045.71,2024,8,3,16128.89,23534.06,34906.729999999996,24856.559999999998,-0.3146575643981532
2024-09-01,Stationery,Central,19755.34,2024,9,3,18045.71,16128.89,23534.06,19236.22,0.118843888203094
2024-10-01,Stationery,Central,21247.17,2024,10,4,19755.34,18045.71,16128.89,17976.646666666667,0.09473886037180024
2024-11-01,Stationery,Central,23610.72,2024,11,4,21247.17,19755.34,18045.71,19682.74,0.0755152784006754
2024-12-01,Stationery,Central,16049.85,2024,12,4,23610.72,21247.17,19755.34,21537.743333333332,0.11124069699635308
2025-01-01,Stationery,Central,8113.469999999999,2025,1,1,16049.85,23610.72,21247.17,20302.579999999998,-0.3202303868751144
2025-02-01,Stationery,Central,13287.390000000001,2025,2,1,8113.469999999999,16049.85,23610.72,15924.68,-0.49448312601052347
2025-03-01,Stationery,Central,15587.130000000001,2025,3,1,13287.390000000001,8113.469999999999,16049.85,12483.57,0.6376950922355049
2025-04-01,Stationery,Central,33492.770000000004,2025,4,2,15587.130000000001,13287.390000000001,8113.469999999999,12329.330000000002,0.17307687965808172
2025-05-01,Stationery,Central,18763.42,2025,5,2,33492.770000000004,15587.130000000001,13287.390000000001,20789.096666666668,1.1487451506467194
2025-06-01,Stationery,Central,10878.99,2025,6,2,18763.42,33492.770000000004,15587.130000000001,22614.440000000002,-0.4397770026187743
2025-07-01,Stationery,Central,13541.33,2025,7,3,10878.99,18763.42,33492.770000000004,21045.06,-0.42020218062591996
2025-08-01,Stationery,Central,14738.900000000001,2025,8,3,13541.33,10878.99,18763.42,14394.58,0.2447230855070186
2025-09-01,Stationery,Central,5389.47,2025,9,3,14738.900000000001,13541.33,10878.99,13053.073333333334,0.08843813716968718
2025-10-01,Stationery,Central,16183.12,2025,10,4,5389.47,14738.900000000001,13541.33,11223.233333333335,-0.6343370265080841
2025-11-01,Stationery,Central,20195.15,2025,11,4,16183.12,5389.47,14738.900000000001,12103.830000000002,2.0027293963970485
2025-12-01,Stationery,Central,32831.73,2025,12,4,20195.15,16183.12,5389.47,13922.580000000002,0.24791449362051332
2023-04-01,Stationery,East,17369.64,2023,4,2,24039.94,12035.11,25953.25,20676.100000000002,0.9974840279814641
2023-05-01,Stationery,East,31378.66,2023,5,2,17369.64,24039.94,12035.11,17814.896666666667,-0.2774674146441297
2023-06-01,Stationery,East,18390.6,2023,6,2,31378.66,17369.64,24039.94,24262.746666666662,0.8065233361198045
2023-07-01,Stationery,East,28437.559999999998,2023,7,3,18390.6,31378.66,17369.64,22379.63333333333,-0.4139137872681625
2023-08-01,Stationery,East,17752.31,2023,8,3,28437.559999999998,18390.6,31378.66,26068.94,0.5463095276934955
2023-09-01,Stationery,East,14438.56,2023,9,3,17752.31,28437.559999999998,18390.6,21526.823333333334,-0.37574426216595225
2023-10-01,Stationery,East,22928.35,2023,10,4,14438.56,17752.31,28437.559999999998,20209.476666666666,-0.18666584799386676
2023-11-01,Stationery,East,9815.05,2023,11,4,22928.35,14438.56,17752.31,18373.073333333334,0.5879942321117895
2023-12-01,Stationery,East,15621.960000000001,2023,12,4,9815.05,22928.35,14438.56,15727.320000000002,-0.5719251494329073
2024-01-01,Stationery,East,22772.11,2024,1,1,15621.960000000001,9815.05,22928.35,16121.786666666667,0.5916332570898775
2024-02-01,Stationery,East,25873.48,2024,2,1,22772.11,15621.960000000001,9815.05,16069.706666666667,0.45769864984931474
2024-03-01,Stationery,East,15525.27,2024,3,1,25873.48,22772.11,15621.960000000001,21422.516666666666,0.13619159577219664
2024-04-01,Stationery,East,9852.9,2024,4,2,15525.27,25873.48,22772.11,21390.286666666667,-0.3999543161569298
2024-05-01,Stationery,East,14071.67,2024,5,2,9852.9,15525.27,25873.48,17083.883333333335,-0.3653636941579761
2024-06-01,Stationery,East,25334.71,2024,6,2,14071.67,9852.9,15525.27,13149.946666666665,0.4281754610317776
2024-07-01,Stationery,East,26855.6,2024,7,3,25334.71,14071.67,9852.9,16419.76,0.800405353451296
2024-08-01,Stationery,East,25791.7,2024,8,3,26855.6,25334.71,14071.67,22087.326666666664,0.060031869320785525
2024-09-01,Stationery,East,17557.75,2024,9,3,25791.7,26855.6,25334.71,25994.00333333333,-0.03961557366061441
2024-10-01,Stationery,East,8358.76,2024,10,4,17557.75,25791.7,26855.6,23401.683333333334,-0.3192480526681064
2024-11-01,Stationery,East,18227.28,2024,11,4,8358.76,17557.75,25791.7,17236.07,-0.5239276103145334
2024-12-01,Stationery,East,7462.63,2024,12,4,18227.28,8358.76,17557.75,14714.596666666665,1.1806200919753644
2025-01-01,Stationery,East,23776.19,2025,1,1,7462.63,18227.28,8358.76,11349.556666666665,-0.5905790661031157
2025-02-01,Stationery,East,16736.86,2025,2,1,23776.19,7462.63,18227.28,16488.699999999997,2.1860336101347646
2025-03-01,Stationery,East,37697.36,2025,3,1,16736.86,23776.19,7462.63,15991.893333333332,-0.29606635882368026
2025-04-01,Stationery,East,22887.63,2025,4,2,37697.36,16736.86,23776.19,26070.13666666667,1.2523555792424625
2025-05-01,Stationery,East,24284.33,2025,5,2,22887.63,37697.36,16736.86,25773.949999999997,-0.3928585450015598
2025-06-01,Stationery,East,33883.11,2025,6,2,24284.33,22887.63,37697.36,28289.77333333333,0.06102423011906444
2025-07-01,Stationery,East,23630.23,2025,7,3,33883.11,24284.33,22887.63,27018.356666666663,0.39526641253845574
2025-08-01,Stationery,East,21715.670000000002,2025,8,3,23630.23,33883.11,24284.33,27265.889999999996,-0.30259559999067387
2025-09-01,Stationery,East,20227.09,2025,9,3,21715.670000000002,23630.23,33883.11,26409.669999999995,-0.08102164050032512
2025-10-01,Stationery,East,11098.74,2025,10,4,20227.09,21715.670000000002,23630.23,21857.66333333333,-0.06854865633894791
2025-11-01,Stationery,East,29121.489999999998,2025,11,4,11098.74,20227.09,21715.670000000002,17680.499999999996,-0.4512932903348925
2025-12-01,Stationery,East,23545.2,2025,12,4,29121.489999999998,11098.74,20227.09,20149.106666666663,1.6238555007144955
2023-04-01,Stationery,North,13595.67,2023,4,2,29164.47,24380.38,16423.84,23322.896666666667,0.1962270481428099
2023-05-01,Stationery,North,18570.47,2023,5,2,13595.67,29164.47,24380.38,22380.173333333336,-0.5338276334183341
2023-06-01,Stationery,North,12619.14,2023,6,2,18570.47,13595.67,29164.47,20443.536666666667,0.36591061713030704
2023-07-01,Stationery,North,31258.33,2023,7,3,12619.14,18570.47,13595.67,14928.426666666666,-0.3204727720946212
2023-08-01,Stationery,North,23177.02,2023,8,3,31258.33,12619.14,18570.47,20815.98,1.477057073619914
2023-09-01,Stationery,North,23851.05,2023,9,3,23177.02,31258.33,12619.14,22351.49666666667,-0.25853300544206936
2023-10-01,Stationery,North,11499.18,2023,10,4,23851.05,23177.02,31258.33,26095.466666666664,0.029081823288757525
2023-11-01,Stationery,North,28700.02,2023,11,4,11499.18,23851.05,23177.02,19509.083333333332,-0.5178753136654362
2023-12-01,Stationery,North,22432.5,2023,12,4,28700.02,11499.18,23851.05,21350.083333333332,1.4958318767077303
2024-01-01,Stationery,North,53343.17,2024,1,1,22432.5,28700.02,11499.18,20877.233333333334,-0.2183803356234595
2024-02-01,Stationery,North,12910.94,2024,2,1,53343.17,22432.5,28700.02,34825.23,1.3779413796946396
2024-03-01,Stationery,North,23732.81,2024,3,1,12910.94,53343.17,22432.5,29562.203333333327,-0.7579645154196872
2024-04-01,Stationery,North,51831.229999999996,2024,4,2,23732.81,12910.94,53343.17,29995.639999999996,0.8381938108301952
2024-05-01,Stationery,North,15799.440000000002,2024,5,2,51831.229999999996,23732.81,12910.94,29491.659999999993,1.18394829773634
2024-06-01,Stationery,North,13099.96,2024,6,2,15799.440000000002,51831.229999999996,23732.81,30454.49333333333,-0.6951752833185706
2024-07-01,Stationery,North,33364.32,2024,7,3,13099.96,15799.440000000002,51831.229999999996,26910.209999999995,-0.17085922032679657
2024-08-01,Stationery,North,33449.92,2024,8,3,33364.32,13099.96,15799.440000000002,20754.57333333333,1.5469024332898726
2024-09-01,Stationery,North,23466.7,2024,9,3,33449.92,33364.32,13099.96,26638.066666666662,0.0025656150042918657
2024-10-01,Stationery,North,19866.350000000002,2024,10,4,23466.7,33449.92,33364.32,30093.646666666667,-0.2984527317255168
2024-11-01,Stationery,North,34423.9,2024,11,4,19866.350000000002,23466.7,33449.92,25594.323333333334,-0.1534237877503014
2024-12-01,Stationery,North,56586.689999999995,2024,12,4,34423.9,19866.350000000002,23466.7,25918.983333333334,0.7327742640193089
2025-01-01,Stationery,North,33474.18,2025,1,1,56586.689999999995,34423.9,19866.350000000002,36958.98,0.6438198460953
2025-02-01,Stationery,North,12817.48,2025,2,1,33474.18,56586.689999999995,34423.9,41494.92333333333,-0.40844428256892207
2025-03-01,Stationery,North,6511.9800000000005,2025,3,1,12817.48,33474.18,56586.689999999995,34292.78333333333,-0.6170935329857221
2025-04-01,Stationery,North,16570.75,2025,4,2,6511.9800000000005,12817.48,33474.18,17601.21333333333,-0.49194537459781484
2025-05-01,Stationery,North,25199.48,2025,5,2,16570.75,6511.9800000000005,12817.48,11966.736666666664,1.5446561568063784
2025-06-01,Stationery,North,18223.010000000002,2025,6,2,25199.48,16570.75,6511.9800000000005,16094.069999999998,0.5207205467465261
2025-07-01,Stationery,North,13786.94,2025,7,3,18223.010000000002,25199.48,16570.75,19997.746666666662,-0.27684976039188103
2025-08-01,Stationery,North,37042.01,2025,8,3,13786.94,18223.010000000002,25199.48,19069.809999999998,-0.24343234185790386
2025-09-01,Stationery,North,25596.95,2025,9,3,37042.01,13786.94,18223.010000000002,23017.319999999996,1.686746297583075
2025-10-01,Stationery,North,23693.59,2025,10,4,25596.95,37042.01,13786.94,25475.3,-0.30897513390877007
2025-11-01,Stationery,North,13261.79,2025,11,4,23693.59,25596.95,37042.01,28777.516666666663,-0.07435885916095475
2025-12-01,Stationery,North,12586.21,2025,12,4,13261.79,23693.59,25596.95,20850.776666666665,-0.44027941734452225
2023-04-01,Stationery,South,14379.470000000001,2023,4,2,35818.49,46527.11,20448.03,34264.543333333335,-0.23015871821826028
2023-05-01,Stationery,South,32439.93,2023,5,2,14379.470000000001,35818.49,46527.11,32241.690000000002,-0.598546169869249
2023-06-01,Stationery,South,37308.8,2023,6,2,32439.93,14379.470000000001,35818.49,27545.963333333333,1.255989268032827
2023-07-01,Stationery,South,43839.3,2023,7,3,37308.8,32439.93,14379.470000000001,28042.733333333337,0.15008879488950821
2023-08-01,Stationery,South,33301.020000000004,2023,8,3,43839.3,37308.8,32439.93,37862.676666666666,0.17503913285873574
2023-09-01,Stationery,South,42841.58,2023,9,3,33301.020000000004,43839.3,37308.8,38149.70666666667,-0.2403843127057229
2023-10-01,Stationery,South,14924.72,2023,10,4,42841.58,33301.020000000004,43839.3,39993.96666666667,0.28649452779524465
2023-11-01,Stationery,South,27524.15,2023,11,4,14924.72,42841.58,33301.020000000004,30355.773333333334,-0.6516300285843799
2023-12-01,Stationery,South,8706.23,2023,12,4,27524.15,14924.72,42841.58,28430.150000000005,0.8441987521373937
2024-01-01,Stationery,South,21607.57,2024,1,1,8706.23,27524.15,14924.72,17051.7,-0.6836875979821357
2024-02-01,Stationery,South,42315.86,2024,2,1,21607.57,8706.23,27524.15,19279.316666666666,1.4818515017407075
2024-03-01,Stationery,South,28054.66,2024,3,1,42315.86,21607.57,8706.23,24209.88666666667,0.9583812524962316
2024-04-01,Stationery,South,26789.11,2024,4,2,28054.66,42315.86,21607.57,30659.36333333333,-0.3370178462637886
2024-05-01,Stationery,South,24598.82,2024,5,2,26789.11,28054.66,42315.86,32386.54333333333,-0.04511015282309605
2024-06-01,Stationery,South,26307.12,2024,6,2,24598.82,26789.11,28054.66,26480.86333333333,-0.08176046162041217
2024-07-01,Stationery,South,17052.11,2024,7,3,26307.12,24598.82,26789.11,25898.349999999995,0.06944642060066286
2024-08-01,Stationery,South,18752.45,2024,8,3,17052.11,26307.12,24598.82,22652.68333333333,-0.3518062790605737
2024-09-01,Stationery,South,24713.53,2024,9,3,18752.45,17052.11,26307.12,20703.89333333333,0.09971434620114472
2024-10-01,Stationery,South,24940.81,2024,10,4,24713.53,18752.45,17052.11,20172.696666666667,0.3178827299899478
2024-11-01,Stationery,South,21303.55,2024,11,4,24940.81,24713.53,18752.45,22802.263333333332,0.00919658179143168
2024-12-01,Stationery,South,23666.89,2024,12,4,21303.55,24940.81,24713.53,23652.63,-0.14583568055728746
2025-01-01,Stationery,South,10349.19,2025,1,1,23666.89,21303.55,24940.81,23303.75,0.11093644017076976
2025-02-01,Stationery,South,29418.59,2025,2,1,10349.19,23666.89,21303.55,18439.876666666663,-0.562714408187979
2025-03-01,Stationery,South,24733.94,2025,3,1,29418.59,10349.19,23666.89,21144.889999999996,1.842598309626164
2025-04-01,Stationery,South,23596.91,2025,4,2,24733.94,29418.59,10349.19,21500.573333333334,-0.15924114649954335
2025-05-01,Stationery,South,44939.96000000001,2025,5,2,23596.91,24733.94,29418.59,25916.48,-0.04597043576559168
2025-06-01,Stationery,South,15158.78,2025,6,2,44939.96000000001,23596.91,24733.94,31090.27,0.9044849516313791
2025-07-01,Stationery,South,26506.75,2025,7,3,15158.78,44939.96000000001,23596.91,27898.55,-0.6626881732872036
2025-08-01,Stationery,South,11414.94,2025,8,3,26506.75,15158.78,44939.96000000001,28868.496666666662,0.7486070778782989
2025-09-01,Stationery,South,37827.69,2025,9,3,11414.94,26506.75,15158.78,17693.489999999998,-0.5693572391937902
2025-10-01,Stationery,South,13163.73,2025,10,4,37827.69,11414.94,26506.75,25249.793333333335,2.313875500002628
2025-11-01,Stationery,South,65584.93,2025,11,4,13163.73,37827.69,11414.94,20802.12,-0.6520080924846323
2025-12-01,Stationery,South,21389.27,2025,12,4,65584.93,13163.73,37827.69,38858.78333333333,3.9822451539191395
2023-04-01,Stationery,West,19772.4,2023,4,2,20064.53,10378.25,31658.91,20700.563333333335,0.9333249825355912
2023-05-01,Stationery,West,23357.39,2023,5,2,19772.4,20064.53,10378.25,16738.393333333333,-0.014559523696792143
2023-06-01,Stationery,West,43894.07,2023,6,2,23357.39,19772.4,20064.53,21064.773333333334,0.18131284012057192
2023-07-01,Stationery,West,56769.729999999996,2023,7,3,43894.07,23357.39,19772.4,29007.953333333335,0.8792369352911433
2023-08-01,Stationery,West,50929.96,2023,8,3,56769.729999999996,43894.07,23357.39,41340.39666666666,0.29333483999091436
2023-09-01,Stationery,West,26796.77,2023,9,3,50929.96,56769.729999999996,43894.07,50531.25333333333,-0.10286767261355656
2023-10-01,Stationery,West,42869.54,2023,10,4,26796.77,50929.96,56769.729999999996,44832.15333333333,-0.47385055868883463
2023-11-01,Stationery,West,23401.79,2023,11,4,42869.54,26796.77,50929.96,40198.75666666667,0.5998025135118896
2023-12-01,Stationery,West,21218.670000000002,2023,12,4,23401.79,42869.54,26796.77,31022.7,-0.45411613933809414
2024-01-01,Stationery,West,25998.15,2024,1,1,21218.670000000002,23401.79,42869.54,29163.33333333334,-0.09328859031723635
2024-02-01,Stationery,West,16546.89,2024,2,1,25998.15,21218.670000000002,23401.79,23539.536666666667,0.22524880211624954
2024-03-01,Stationery,West,19806.4,2024,3,1,16546.89,25998.15,21218.670000000002,21254.570000000003,-0.36353586697515017
2024-04-01,Stationery,West,24084.13,2024,4,2,19806.4,16546.89,25998.15,20783.813333333335,0.19698626146665643
2024-05-01,Stationery,West,24081.59,2024,5,2,24084.13,19806.4,16546.89,20145.806666666667,0.21597715889813385
2024-06-01,Stationery,West,34732.55,2024,6,2,24081.59,24084.13,19806.4,22657.373333333333,-0.00010546363933428005
2024-07-01,Stationery,West,42625.37,2024,7,3,34732.55,24081.59,24084.13,27632.756666666668,0.44228641049033723
2024-08-01,Stationery,West,25468.22,2024,8,3,42625.37,34732.55,24081.59,33813.170000000006,0.227245624061579
2024-09-01,Stationery,West,5968.96,2024,9,3,25468.22,42625.37,34732.55,34275.380000000005,-0.40251028906024744
2024-10-01,Stationery,West,18920.07,2024,10,4,5968.96,25468.22,42625.37,24687.516666666666,-0.7656310492056375
2024-11-01,Stationery,West,47755.48,2024,11,4,18920.07,5968.96,25468.22,16785.75,2.169743137833056
2024-12-01,Stationery,West,32384.68,2024,12,4,47755.48,18920.07,5968.96,24214.83666666667,1.5240646572660674
2025-01-01,Stationery,West,22142.1,2025,1,1,32384.68,47755.48,18920.07,33020.07666666667,-0.32186463207992055
2025-02-01,Stationery,West,19802.75,2025,2,1,22142.1,32384.68,47755.48,34094.08666666667,-0.3162785613444382
2025-03-01,Stationery,West,52594.93,2025,3,1,19802.75,22142.1,32384.68,24776.51,-0.10565167712186285
2025-04-01,Stationery,West,54835.83,2025,4,2,52594.93,19802.75,22142.1,31513.26,1.6559407153046926
2025-05-01,Stationery,West,29072.2,2025,5,2,54835.83,52594.93,19802.75,42411.17,0.04260676837101984
2025-06-01,Stationery,West,20935.57,2025,6,2,29072.2,54835.83,52594.93,45500.98666666667,-0.46983204229789177
2025-07-01,Stationery,West,31074.829999999998,2025,7,3,20935.57,29072.2,54835.83,34947.86666666667,-0.27987665192176725
2025-08-01,Stationery,West,30904.88,2025,8,3,31074.829999999998,20935.57,29072.2,27027.533333333336,0.4843078072390672
2025-09-01,Stationery,West,27626.670000000002,2025,9,3,30904.88,31074.829999999998,20935.57,27638.426666666666,-0.005469056467887312
2025-10-01,Stationery,West,23606.91,2025,10,4,27626.670000000002,30904.88,31074.829999999998,29868.793333333335,-0.1060741863420922
2025-11-01,Stationery,West,59039.75,2025,11,4,23606.91,27626.670000000002,30904.88,27379.486666666668,-0.14550287819704666
2025-12-01,Stationery,West,29251.230000000003,2025,12,4,59039.75,23606.91,27626.670000000002,36757.776666666665,1.5009520517509491
