Actual Sales,Predicted Sales
10492.57,10863.987
45427.36,46013.773
78914.71,79816.35
2251.2,2088.561
56679.82,55539.273
8133.48,8458.028
4707.45,4793.7153
54260.23,54496.47
20484.9,21681.137
229663.34,237138.47
3379.39,3436.5215
2293.05,2206.2964
18909.16,17618.816
199722.1,201676.03
126406.32,125543.875
11893.26,11892.081
16935.9,17101.428
111672.04,112488.66
12677.01,12661.055
137977.7,136476.7
50111.39,50497.297
5850.3,5607.8096
517.28,502.92517
146845.15,147690.05
726.75,703.542
176583.77,174064.67
15372.42,15851.849
163859.72,162836.6
1481.58,1420.2253
11134.4,11320.974
9949.46,9911.038
5686.02,5474.3457
36492.45,36972.99
58586.76,58434.91
26223.16,26190.865
2885.36,2803.6646
22241.78,21726.863
19033.81,19028.656
232815.92,235481.39
19501.75,19728.963
1163.48,1189.768
2480.16,2262.364
4199.74,4445.772
1348.42,1361.2622
171647.12,173987.73
1740.82,1820.6392
25419.42,25599.092
453.07,556.61816
18061.06,18195.156
1604.99,2059.0754
3481.98,3421.996
661.66,701.034
126170.92,125042.01
12676.46,12669.602
42675.48,42228.78
4683.39,4763.3555
43159.5,42269.508
208.1,166.74483
8174.28,8246.713
15716.59,16058.194
8212.55,8263.03
57541.94,57616.316
162195.66,154531.05
214.83,208.32033
31117.64,30972.062
120753.84,120620.24
20690.31,20769.904
28774.79,29515.73
709.91,858.36383
829.64,1020.5487
3326.65,3196.8347
38601.74,39085.72
11295.75,11376.449
197.81,125.274414
3970.76,4032.622
3238.88,3148.529
86735.67,85733.29
7751.33,7833.666
5181.68,5315.3237
4475.61,4651.4004
16144.72,15645.754
3192.67,3241.9846
4820.39,4800.0728
65409.82,64649.633
5255.85,5352.184
17800.64,17766.424
212644.92,205771.3
20417.79,19962.564
7014.88,6915.7573
4792.47,5057.4976
4732.32,4821.9307
376.24,259.75162
1595.63,1668.5024
147269.59,147176.25
13666.72,13033.184
12376.18,11767.215
755.24,711.5301
87094.47,86725.734
4347.91,4307.236
1544.84,1611.1826
406285.04,290502.06
26111.1,26065.852
227.63,161.08691
25247.78,24698.338
48033.89,48539.48
38638.56,39205.17
2306.35,2196.4072
6832.14,6750.0728
10090.47,9440.143
6927.13,6688.8716
7431.2,7269.923
5108.23,5219.948
2937.31,2918.8438
12705.82,11817.379
21015.35,21080.828
5405.1,5420.5796
4444.36,4707.1313
39802.56,40141.965
3443.92,3420.9644
11890.73,12037.835
4232.47,4301.5435
13356.0,14204.04
8710.5,8659.523
1892.85,2022.215
854.28,943.7472
84546.1,84375.82
8617.91,8202.8125
21550.71,21166.57
857.65,865.5411
8590.62,8586.325
20116.1,19140.479
5491.86,5572.3
222.75,187.21645
10026.41,10009.194
29272.26,29306.775
8169.88,7669.8877
463.49,567.5419
1943.49,2036.3904
48136.48,48675.37
21859.41,21452.898
5357.79,5341.9316
1192.14,1431.2811
15441.36,15081.674
909.93,1021.5488
5815.92,5781.0215
224.61,191.0993
22804.34,22234.428
169484.81,169129.94
1559.46,1628.6565
247130.57,245719.14
1716.47,2052.9243
37023.38,38037.6
198.7,99.299675
22412.61,22715.24
34055.9,33183.652
307751.62,303647.5
24371.25,24755.107
93602.11,95928.055
44966.54,44818.098
80291.03,81695.12
9074.6,8975.157
21615.39,22308.246
57855.44,58412.07
114505.67,114614.66
1098.0,868.5508
44231.52,44490.78
485.39,581.7509
8514.52,8596.284
4067.24,4028.7236
802.83,795.0814
5024.08,4903.2803
6173.1,6093.8594
27555.61,28226.688
239457.28,244405.02
259572.72,257867.89
1894.68,2325.3643
20822.78,20026.217
33474.65,32904.508
35267.52,35335.86
5761.39,6024.548
526.64,522.0156
12061.05,11903.196
5553.27,5530.8306
46162.44,46005.824
3601.48,3578.6372
228646.07,228478.86
36001.48,35973.367
161373.79,161627.25
6652.92,6486.8574
53073.46,53374.414
45003.08,45794.773
20165.18,19133.734
6663.5,6719.469
68395.06,68711.64
31315.76,31860.828
11816.15,12056.34
38323.93,38259.36
9761.8,9512.392
12000.6,12070.255
15646.89,15517.341
167098.06,167976.53
6481.87,6238.862
6915.11,6991.343
15257.97,14897.773
810.47,763.4261
71574.57,71596.19
59023.66,59295.496
87305.82,87704.58
3175.41,3106.951
249155.73,249866.11
170223.52,171022.98
9385.69,9739.06
1438.7,1397.9192
16319.91,15823.413
53157.23,53225.22
747.57,718.7539
24191.37,23343.885
1760.31,1774.4241
789.1,948.7442
4490.47,4711.6406
5120.71,5177.4346
641.68,660.55493
27237.43,27124.2
1736.7,1769.7197
12943.88,13061.377
11508.88,11566.524
5977.28,6013.432
17559.56,17273.213
1040.12,1097.2712
1694.91,1897.8734
12938.16,13182.745
39093.09,40476.27
11351.28,11528.69
49628.86,49265.25
167896.51,167009.81
58069.2,58326.63
213197.41,222200.28
120999.92,120618.984
5270.19,5342.175
4964.57,4895.0312
5133.68,5235.0337
838.79,969.60156
42202.64,43188.71
77250.5,77206.32
1349.31,1403.292
15852.02,16804.576
424.9,533.44275
16917.0,17106.191
102759.23,101930.336
6212.92,6315.006
8401.73,8252.364
25937.24,26561.023
534472.96,540039.94
18481.9,17978.217
140224.03,138862.06
5436.16,5379.808
4933.11,4866.9673
1354.4,1374.0253
17263.75,17547.951
7972.88,8144.888
1376.32,1392.2118
9864.59,10358.975
12870.29,12749.047
3369.06,3173.0806
23189.79,22405.424
1523.5,1552.1752
3515.82,3462.9968
12051.32,11837.253
35302.07,35507.617
53182.83,53832.793
3297.74,3229.7656
468.96,415.96875
1375.41,1315.8765
65083.12,64720.98
12751.07,12722.599
1541.0,1597.563
103302.58,102650.266
184596.16,175801.33
5798.54,6266.4756
1175.23,1185.7039
4667.6,4640.767
56392.08,55828.953
6680.23,6741.2275
65937.41,66589.266
888.62,957.83685
3546.54,3486.2917
11061.24,11437.007
3401.56,3365.4792
6407.79,6394.486
395.9,515.249
6574.86,6673.478
26818.19,26707.877
10044.36,9443.138
13122.22,13096.384
16194.92,15978.447
3888.96,4089.2302
128112.52,130937.74
254.92,234.26761
6343.16,6226.5654
4133.5,4096.038
28231.3,28237.994
10729.92,10632.811
24210.82,24035.576
28729.3,30031.7
240.01,209.39308
162528.45,165134.86
67642.49,67380.54
2658.4,2494.9187
6034.47,6051.3613
60144.6,59773.637
1578.37,1660.4146
519950.22,514375.75
5927.94,6281.636
20459.77,20034.127
116990.12,117933.875
6016.6,6033.8066
10099.68,9968.299
21098.89,20601.625
48177.66,49296.88
30366.11,31130.39
1455.25,1586.3711
57415.98,57854.32
1554.9,1604.5472
1325.12,1204.9362
4570.8,4656.031
3206.05,3157.7056
11483.09,11562.548
3466.18,3427.1992
21545.53,21440.508
4917.14,4839.351
96285.6,96101.87
12940.93,13213.4
787.74,631.20306
57161.51,55906.92
1773.21,1895.703
9866.68,10005.517
14331.91,14735.95
1543.03,1637.1389
20928.21,20786.11
25383.09,25379.016
48074.02,47669.07
122552.19,122721.95
67686.12,68326.03
1541.99,1667.7938
22815.29,21692.658
13644.94,13382.066
472.46,500.45593
5677.53,5940.384
12095.1,12086.982
64661.17,65318.574
39346.52,38949.51
11718.32,11932.485
18276.32,18214.842
3626.5,3554.3594
447.77,541.265
4417.7,4582.418
101129.76,101943.96
2676.91,2510.5222
1652.02,1386.2252
546918.06,554985.25
5534.81,5661.741
32815.91,33460.47
3285.47,3198.8972
1797.81,2062.1157
137794.7,137811.69
793.84,783.82166
1640.02,1736.0498
306464.76,309629.0
10411.26,10729.336
234913.72,239142.22
10833.02,10701.973
128458.91,131915.84
814.3,958.2221
488149.44,485167.56
18757.71,19039.166
6475.06,6533.1274
906.23,932.07324
2817.21,2676.8108
3887.42,3988.45
3996.96,4191.898
786.24,720.1402
55678.04,55456.93
7862.29,7893.9395
7574.43,7124.698
34519.44,34258.03
133806.96,133831.06
294799.36,291521.2
86029.49,85936.81
24632.5,24024.168
46022.77,46224.434
931.69,991.88715
6999.45,6684.2656
4305.68,4302.9507
24563.39,24939.201
12327.72,12400.91
15626.71,15081.185
6263.25,6315.365
443.93,401.20517
39497.89,39641.984
13579.7,13502.629
19191.1,19102.855
22817.4,23517.504
59574.65,59353.02
26011.36,26546.107
2764.48,2636.8337
7088.64,6907.277
12670.68,12727.909
3183.17,3114.956
5339.48,5631.216
8503.76,8308.788
64157.59,72549.28
2088.55,2036.3531
71545.36,71613.08
2900.13,2816.7278
17882.24,17908.686
49729.6,49410.586
4093.4,4032.622
143398.64,144803.7
170178.42,172641.7
26891.38,26145.572
50595.96,48945.16
1121.53,1218.7028
12754.66,12638.037
3256.6,3229.9395
82783.84,82070.22
100832.4,101443.39
140818.45,141105.86
50941.84,49978.254
10966.02,11209.697
135159.32,144329.27
11660.51,11778.123
1742.92,1738.7888
2673.09,2434.7915
12501.79,12172.777
46469.21,46485.59
86578.76,87171.57
2384.72,2410.312
784.25,702.88995
18999.62,19014.68
10776.78,10905.616
368.4,255.96138
15563.3,15600.117
9814.08,10024.544
245275.24,228430.48
8239.81,7951.1357
3124.37,3067.6753
13736.42,13804.152
2601.94,2623.6167
136079.3,134575.9
22105.75,23059.092
416.62,349.01755
9538.66,9858.396
130785.16,130566.46
17702.94,17623.719
29201.37,28823.547
3994.38,3915.429
1513.88,1596.2944
20040.18,19784.832
15855.59,15803.467
1853.42,2130.6602
1701.08,1729.9431
10949.54,10481.188
26073.15,26225.639
3494.14,3406.7952
31156.84,31634.209
1722.19,1747.4196
4263.71,4307.209
9180.41,8658.239
12274.2,12544.704
5395.56,5200.0825
810.04,800.81
22723.93,22068.717
11911.39,11855.381
149452.13,148859.5
28463.75,28329.793
1413.32,1401.1395
396.41,250.7647
15841.78,16041.192
7440.35,7825.655
13598.32,14345.19
4179.97,4429.771
31339.11,31491.963
5969.38,6279.1294
762.3,829.5419
195194.61,192436.55
480077.3,517139.6
2247.3,2140.3481
117646.24,120266.52
3203.59,3136.5513
4120.34,4152.2417
15811.88,15584.575
64308.78,63948.98
751.32,833.8594
7338.34,7035.043
12775.23,13274.035
3560.47,3629.5718
5660.49,5411.3677
1524.85,1481.9395
137538.76,135420.89
17812.36,17854.854
60203.44,60727.08
22417.99,22152.24
31811.6,32050.012
1738.16,1876.2299
39665.16,42577.598
22283.31,21604.62
840.6,1004.0733
65205.34,64879.38
87738.4,86943.48
5918.78,6275.8237
298991.55,300260.28
26850.7,25143.717
6051.32,5908.637
4398.64,4447.8135
1674.52,1708.8021
79656.63,78180.77
32690.9,32619.074
59057.07,59182.31
2314.18,2333.085
9815.62,9483.7295
9445.34,9862.744
44111.94,44236.727
15274.58,14929.715
1380.32,1340.8422
1678.0,1737.7266
1619.55,1661.2478
6124.0,6064.722
57240.98,64919.09
4333.34,4293.8496
602.21,653.72345
437657.05,434964.12
1529.04,1576.446
21387.36,21060.447
19597.32,19489.729
12710.21,12591.876
6978.18,6795.9717
86282.12,86637.9
159557.5,155928.0
20144.66,20557.312
50742.54,50027.785
54317.35,55646.34
899.21,1025.861
507.7,516.06555
53832.72,52914.473
31411.89,30900.861
53267.36,53405.71
241.34,198.45364
188696.31,184418.69
9838.18,9611.659
2475.11,2571.7673
1739.83,1861.8918
466.43,588.43915
152159.47,154308.58
3292.52,3188.443
397.95,330.2773
26911.14,26819.932
223.45,199.14107
23883.77,23845.523
8268.17,7920.925
32543.74,32621.652
148288.45,146004.22
18347.16,18580.553
30985.46,31479.32
1662.69,1658.5785
3326.42,3224.4773
432.29,387.89645
8141.56,8447.79
9081.91,9084.188
15255.7,14635.587
36076.58,36679.926
64714.04,63997.098
13886.58,13776.043
35445.12,36192.703
3854.2,3846.6401
148443.44,146889.73
68149.33,67311.375
129080.42,129745.15
6720.11,6518.423
11098.62,12070.082
4936.1,4876.75
14550.68,14492.531
3069.25,3038.4373
51581.32,52341.453
6709.0,6619.2285
762.21,861.75696
9187.45,9488.948
5761.04,6415.399
20784.91,19791.102
23017.68,23672.781
3210.64,3251.8828
12225.67,12474.553
65400.68,65524.16
49641.53,49347.06
3079.07,2935.3406
20023.25,19472.527
213294.3,208335.89
7174.13,7650.501
17687.16,17669.238
1703.35,1764.5323
6045.51,5910.927
7467.28,7468.609
399.92,327.0191
12919.9,13217.667
31176.81,31829.455
76882.57,76467.99
27928.5,28723.969
7775.96,7831.5225
38625.72,38349.28
6697.8,6737.025
117469.98,116954.52
734.43,844.79565
5541.66,5520.5664
6442.47,6420.179
6370.17,6656.042
1540.51,1700.8328
77893.34,78417.57
16109.3,15805.637
8287.2,8269.837
86005.67,86494.6
6304.14,6638.7124
20621.1,19957.555
8554.42,8280.95
5007.05,5145.931
169045.11,170591.62
7343.78,7356.5713
5015.81,4974.799
2365.33,2176.0989
21590.67,21637.482
7250.29,7086.7573
15671.38,15517.41
43599.8,44181.543
1336.38,1371.143
1937.74,1814.5476
3518.76,3457.9187
2148.66,2058.0378
6371.95,6398.6025
75881.96,75481.89
16651.29,17114.982
56103.95,55588.32
207941.09,210327.61
1863.06,1967.3251
23357.73,22997.043
55563.43,55006.04
67029.82,65402.945
13529.95,13560.327
1323.0,1384.6383
1634.48,1690.9908
42875.4,43383.066
26137.07,25949.309
84931.25,85328.81
226143.31,226950.97
3650.55,3654.4043
86242.39,86437.78
2872.94,2766.2158
33221.16,33192.402
28538.81,29592.56
19101.09,20481.697
3541.28,3641.295
44550.4,44098.926
7330.54,7011.0
5642.44,5786.316
13305.98,13309.694
5784.79,5752.702
4360.03,4451.2593
18855.42,19001.918
63519.02,65997.42
1466.79,1689.0532
1690.71,1895.9204
42207.95,41399.086
25730.26,25166.586
11396.51,11400.219
63429.4,63481.71
33718.8,34638.098
3498.14,3465.927
62792.04,62723.727
147112.96,147667.67
4365.17,4483.0522
19050.78,18822.33
79552.99,78024.94
42639.02,43196.668
116231.15,115980.86
905.65,909.6013
62932.46,62276.668
14526.74,14665.65
4747.21,4649.8315
21433.56,21166.744
14441.76,14349.633
64297.55,66212.05
27041.1,26643.963
1704.57,1773.3977
8718.42,8432.792
16867.01,16733.453
109301.74,109387.38
6112.11,6131.7446
3144.75,3266.0513
135379.4,135802.55
496.05,563.0316
673.85,620.52234
1626.89,1695.161
2858.02,2661.5093
25432.14,26122.484
7613.41,7650.0117
65376.76,65347.305
181546.42,179642.77
439010.06,448778.62
447645.97,451255.72
2373.3,2550.4219
7824.78,7677.6304
6719.87,6750.967
5162.64,5080.448
343260.52,343191.22
46350.32,44176.55
4580.7,4560.2915
13365.22,13292.833
5911.18,5910.362
250844.88,250829.66
29517.26,29711.033
3162.5,3014.267
82580.34,81828.61
5339.82,5338.6694
3261.42,3197.3083
19135.12,18130.113
450.93,415.27106
4210.78,4127.4614
35139.99,36194.074
169040.28,170615.47
13846.58,13891.983
7126.78,7156.281
1822.5,1947.5864
137824.07,138104.0
1768.14,1837.7332
3085.19,3047.0437
2938.21,2702.1226
183076.76,180410.06
76081.03,78031.54
1887.14,2035.0872
13544.3,13968.924
43128.7,43316.734
9903.61,10200.038
307921.87,309094.7
3964.04,3940.0447
3222.7,3160.8142
6903.04,7020.3833
45147.78,45200.785
21287.85,21058.799
12485.74,12676.703
1717.65,1784.8381
111467.85,104688.28
137746.85,137818.4
17352.8,17223.857
24011.32,24523.625
2961.93,3122.4524
28344.36,27904.803
33690.26,34246.805
2574.32,2647.094
6923.3,6686.7124
44638.22,44799.3
289494.5,313187.4
4294.43,4450.6143
318530.88,289831.25
69200.22,67684.55
170397.38,169758.61
38318.53,39628.88
99357.84,97757.04
1505.84,1587.889
6472.06,6433.8296
7776.88,7814.556
22624.56,22338.754
145369.23,145822.08
1136.52,1218.7393
123399.73,140138.8
25545.17,25542.205
21098.01,20631.834
69011.67,68275.266
14339.82,14615.347
7508.14,7444.336
233.96,226.14764
1345.04,1385.0564
3847.72,5952.906
459342.72,462053.62
8513.1,8595.458
6198.15,5604.133
11798.1,11442.811
20789.35,20642.518
10945.18,11081.887
7742.9,7755.3564
5342.68,5285.529
62099.35,61422.395
33138.88,33962.2
3660.84,3596.2612
1434.37,1215.0747
21707.62,22400.121
1344.7,1250.9473
16884.78,16254.291
860.34,940.842
3222.94,3135.2874
1287.85,1259.2838
1639.27,1732.8301
1905.78,1733.9458
256105.41,254379.58
1552.55,1651.8778
35888.52,35439.36
1562.7,1624.9926
1537.44,1607.0056
13847.74,13833.767
425.25,340.5105
27059.34,27404.113
74121.29,74615.29
4128.22,4146.53
5738.31,5914.628
8457.88,8229.544
2657.25,2727.0278
57344.48,57738.13
10200.94,10470.116
13176.48,13061.859
51843.89,52132.96
2900.52,2908.5427
45623.64,46422.758
349124.68,349980.38
18197.64,17665.03
2806.13,2678.0945
436.72,336.5429
900.27,931.6493
5502.78,5909.039
1236.1,1208.3452
839.05,921.60815
6121.27,6623.013
246419.28,243546.53
1824.95,1790.2607
1298.0,1391.1885
802.89,964.1195
10562.18,10624.501
402.88,357.1898
9396.75,9513.263
188148.05,189644.78
66155.39,66383.21
34639.67,34151.137
28325.88,28171.248
52793.49,54262.055
8925.51,9134.942
6671.99,6328.089
598212.93,603648.44
3169.66,3112.0623
1053.83,1158.29
24884.01,25026.15
100075.43,101357.52
3152.29,3005.2034
257.52,224.64185
27027.0,26081.096
6730.78,6929.502
2796.64,2639.2144
1669.96,1729.1521
18545.12,18576.527
56622.62,55660.43
9034.65,8977.076
32597.39,36291.38
7243.0,7046.735
115875.61,116010.32
2776.59,2679.6328
242269.79,240061.36
4145.72,4276.271
97528.56,98150.58
3764.52,3763.0132
5546.57,5933.056
81202.26,80635.3
51710.79,51063.29
15232.28,14848.237
757.11,454.91922
33332.15,33765.777
226.05,152.29674
3509.51,3424.8718
42337.7,41988.55
17986.39,17717.057
4886.47,5090.646
11255.14,11574.422
3501.51,3407.182
9728.1,10152.664
10898.53,10939.48
484374.06,485653.56
22694.51,22175.357
304514.01,303215.38
5797.96,6298.832
79803.9,80622.45
51464.2,50146.832
23373.33,23663.469
94990.08,93545.67
7485.52,7815.4927
764.73,939.81433
9918.74,10336.294
6013.39,6274.6353
30659.67,29659.234
3329.05,3165.8123
40464.18,40496.934
899.88,1057.5573
81389.16,80392.305
69651.06,68367.24
48009.78,46743.867
6024.23,6057.272
77974.87,77797.336
9943.94,10004.627
60519.28,60894.094
12688.3,12673.4375
252.23,254.77895
82016.54,81947.086
3309.14,3198.4036
76804.61,80023.945
10029.45,10412.714
3670.78,3627.4673
11795.41,11852.536
83906.1,83962.23
52220.43,53184.867
5364.5,5705.6343
22019.62,22557.062
12299.24,12283.409
24715.12,24362.377
4792.74,4816.427
3174.55,3116.2722
15583.57,15597.101
8616.35,8473.715
84491.74,85867.61
112658.22,115101.21
135450.72,144383.77
110089.25,110887.234
13044.85,12859.716
357.44,174.67201
5880.47,5974.0093
228432.91,228410.0
47510.49,46657.324
66836.83,66433.78
12418.83,12713.909
45514.04,45068.53
6062.58,6094.315
60165.95,61162.89
92860.95,90265.23
83788.14,84110.31
39119.85,39083.613
415818.71,405690.16
10323.12,10378.546
988.4,1087.3418
5771.67,6412.216
5594.16,5922.222
5398.89,5380.166
4810.7,4777.9517
1706.2,1799.0076
3557.18,3486.3704
19640.46,19632.57
12860.35,13404.923
6239.63,6054.784
8330.4,8281.055
451.44,414.09012
3609.38,3559.6187
110983.79,112190.87
2187.08,2088.863
22429.85,22145.701
29657.62,30183.701
83886.6,83943.63
11581.24,11560.105
3765.94,3840.8623
5269.51,5489.5425
20778.49,20527.523
125571.24,125359.67
3836.68,3779.6477
11820.33,11865.609
61807.55,62309.086
27671.4,28118.383
1518.55,1683.0013
939.26,747.4442
393.3,510.7815
29908.76,30172.168
118153.78,118224.67
867.58,805.9426
2972.3,2964.3606
1687.75,1798.2872
3640.42,3556.9094
2962.95,3001.305
175617.94,177177.81
117090.2,117757.13
152248.7,148377.72
7355.65,7007.8813
430900.61,425713.2
23415.52,23310.59
8872.8,8617.019
1538.14,1608.6298
1464.96,1512.4133
8506.7,8286.641
4178.92,4242.8857
4306.25,4302.4707
482.62,582.05664
2886.82,2815.7058
12050.83,12278.7
15760.63,15789.854
112592.85,113057.64
20979.72,20670.846
420.5,393.77185
849.16,796.3798
50941.67,50046.844
11390.54,11565.493
3606.9,3451.8105
34571.6,37828.62
46354.66,46524.637
28311.16,28391.834
17948.22,17726.176
50448.42,50307.574
215377.41,215575.23
519811.28,542342.06
443.88,556.0034
70937.48,71546.82
15159.86,14780.836
98692.34,152445.92
50305.22,50528.504
102124.1,104950.2
115147.51,115529.52
3205.33,3166.3223
161299.64,161195.23
8840.9,8860.654
50496.7,50412.133
55274.23,55001.984
1581.96,1527.8024
1768.98,1860.5466
30694.22,30865.598
6209.64,6646.7812
87977.77,88215.52
19232.17,19582.979
17189.78,17363.725
10241.42,10377.347
11987.5,12808.186
416436.7,413581.9
789.27,844.94025
18791.1,18313.219
14378.7,14789.31
1094.79,1098.7424
35629.65,35761.387
359724.72,357092.84
50835.6,49091.227
7805.85,7868.88
119080.2,121148.195
425.06,343.47742
10155.57,10373.223
23874.63,24378.88
9926.98,10178.698
30496.0,30272.861
543.8,714.0701
4300.12,4469.4727
55446.23,55335.637
25098.73,25239.635
41633.93,40017.01
76125.87,75808.016
128408.18,128576.26
18859.16,18546.621
5738.58,5731.416
18198.53,18164.797
27666.19,27491.27
1470.98,1394.066
26356.65,26540.113
60918.79,60154.61
3317.51,3208.0203
54770.23,55386.83
17311.99,17016.932
4162.04,4125.175
73454.87,73340.65
413.06,330.9881
12948.52,12626.226
429.08,511.1762
845.38,868.24567
78244.75,79389.23
1680.42,1641.6783
11847.33,11922.936
72523.56,71913.02
114763.5,113733.41
6304.28,6077.6777
761.62,701.36725
11005.88,10921.396
31113.77,31841.82
156391.69,154085.52
24711.81,24626.754
11684.11,11764.806
112325.9,111004.95
431.09,516.09033
61087.61,61132.03
5036.31,5222.482
6371.74,6693.602
4629.19,4646.4565
16506.17,16465.746
3706.42,3618.7449
86631.72,87742.31
219979.73,215936.7
6336.68,6578.392
33024.04,33002.203
5914.57,6037.6787
15947.46,16131.877
85467.06,85445.71
1745.47,1806.7986
6905.3,7022.777
5605.02,5473.9834
58551.34,57306.773
136811.88,136913.55
2107.17,1924.9138
11137.04,11322.199
8498.36,8273.031
8886.38,8662.993
4562.36,4509.3696
125995.88,125040.56
14771.58,14892.253
31074.93,30889.168
7786.18,7814.669
896.03,944.74786
6603.73,6326.566
7418.64,7162.277
1799.04,1789.044
26857.21,26897.203
37765.68,38144.12
1060.92,1295.4319
1568.36,1655.0005
59783.1,59833.125
249.31,228.51187
63954.7,63384.5
1834.77,2028.0282
5191.98,5173.187
10130.13,10318.142
4537.61,4496.9844
190388.97,188002.4
225.13,179.21198
21656.06,22060.832
42003.48,42447.195
22093.26,21869.05
48931.27,49401.93
28132.5,28513.207
253688.07,252594.61
3417.6,3479.7214
82936.66,82737.97
23695.48,22928.707
5592.58,5597.0444
9972.64,10186.82
1431.17,1374.7936
188303.51,199464.56
232.28,186.9022
847.14,913.4586
5316.81,5342.4688
3109.59,3033.9177
11357.22,11545.097
20253.76,20217.49
26662.37,26716.43
3717.48,3618.364
15303.26,15103.06
667.28,693.147
9368.82,9091.711
214.31,210.45375
65367.42,65208.863
5106.22,5253.668
53504.69,53027.84
509.42,517.38763
23390.5,24244.24
45680.94,45775.8
4311.44,4298.119
232.7,189.16881
10577.52,10464.862
1671.96,1652.5171
55452.23,55829.31
6612.07,6645.666
473.4,543.6894
23923.97,23454.443
3524.42,3412.6333
3559.04,3472.9285
15368.42,15565.332
5154.35,5084.774
22796.27,22461.123
6516.56,6926.8237
18830.94,18345.074
1758.95,1765.3823
109812.03,109889.984
27590.52,27069.564
4466.76,4726.1543
31170.3,30522.76
143851.62,143388.28
51361.46,51030.535
5196.42,5679.2993
24674.0,24451.574
28700.85,28977.299
16356.24,15980.002
373.87,254.76129
1709.38,1912.0988
86691.87,86258.81
235080.57,233462.6
8567.08,8268.29
4704.6,4663.255
246.09,203.26837
130837.4,132473.17
16397.18,16865.672
10850.94,11174.678
434.22,339.43765
6596.18,6699.5186
121291.31,121245.3
30429.88,30323.967
211922.35,207893.6
3106.58,3020.3286
26072.42,25555.445
520.94,523.27155
60317.65,59509.785
21012.16,22246.473
1565.96,1666.9972
3834.38,3412.8567
21395.79,21450.584
3391.72,3317.723
1350.68,1343.5599
3209.53,3242.3315
3379.03,3576.107
529.14,518.19617
793.36,777.9582
15988.58,16937.479
61505.98,60481.023
155924.41,154766.95
245058.12,245360.58
12229.39,12040.588
5488.69,5921.8027
25708.86,25874.893
67511.68,67220.24
21972.76,21131.615
76209.39,75291.87
80252.65,79868.5
91390.2,90255.38
8360.34,8600.027
1283.19,1353.5815
1535.51,1420.0983
61760.55,61763.44
3255.26,3437.4102
170123.8,151861.45
6834.57,6586.0303
19210.34,18821.15
92271.79,90757.56
117256.64,119753.05
1633.63,1691.4109
3731.09,3715.2637
10902.05,11043.846
12673.84,12720.616
85562.6,85194.95
1558.55,1618.6244
4434.15,4351.5615
649.94,704.48956
166871.91,167182.42
11356.38,11370.499
1718.54,1747.8063
12143.75,12278.499
3133.48,3112.0623
220.98,194.9813
12637.42,13186.003
226105.17,235701.62
12445.88,12401.352
28237.07,29042.773
411.6,371.79785
4613.94,4612.005
32856.52,33640.43
75167.97,74930.9
9440.74,9079.6455
428.08,400.1435
58285.26,59448.01
1601.58,1646.3961
114915.17,115512.31
30695.24,30396.967
2645.64,2762.1045
355.22,188.03549
4852.38,4389.4077
25838.18,25736.504
4934.9,5338.3984
1402.46,1377.387
863.32,1002.92377
5296.47,5702.146
5042.99,5131.4175
22325.32,22559.982
4421.09,4492.826
106844.16,104457.31
2444.22,2244.6252
30820.92,29428.979
253665.77,254366.64
3435.56,3407.4087
12056.96,12043.443
67743.92,65573.945
6985.68,6846.0986
2446.5,2407.6882
871.45,925.97864
25343.8,25196.947
22211.31,21786.982
147128.72,147123.28
7179.23,7681.464
35536.26,36052.53
3152.34,3108.2307
6932.72,6681.0034
2747.59,2763.3853
4121.78,4138.976
1817.72,1931.5673
76009.59,75477.29
14033.43,14678.385
28325.48,28467.248
14890.1,14994.458
15681.24,15535.344
12433.81,13156.647
13582.19,13408.96
463.47,416.12955
78141.26,78103.21
3863.88,3778.8635
1167.93,1367.0886
11105.76,11399.81
3599.64,3509.2622
139966.38,136527.25
10638.93,10994.4795
2819.59,2666.3005
445.82,555.3648
11533.99,11453.602
12664.26,12725.999
1678.63,1897.8127
62315.52,62240.06
1536.74,1667.9547
11957.82,12069.482
236.04,200.89171
3238.51,3165.8206
61739.58,61689.324
3002.02,2797.7407
24455.18,23736.098
452509.84,461923.7
2619.09,2714.665
2733.36,2658.6223
8236.27,8202.631
11959.47,12817.138
5256.21,5444.43
6029.95,5882.616
1290.65,1384.5714
772.66,714.75726
82751.69,82654.09
93494.66,93612.2
1636.4,1702.2921
13054.98,12874.785
26078.99,26236.502
9685.03,9518.082
85493.21,85365.02
8098.46,8187.211
131104.53,130130.45
1828.24,1950.8256
55148.26,55725.324
1892.36,2043.4406
20952.63,20783.998
51715.31,51775.312
16527.04,16360.182
3660.36,3605.379
8640.59,9106.593
5363.39,5631.2617
163611.89,158279.14
28052.23,28246.98
5412.29,5322.1367
4000.65,4192.887
400275.0,406985.53
66672.42,66098.266
12460.88,11762.343
3621.92,3544.7288
25975.68,25960.752
6853.41,6648.016
1713.6,2138.3545
460895.54,451337.25
27004.76,27642.352
230.23,187.52753
5418.09,5412.542
3433.53,3407.182
3152.78,3013.9553
954.36,1116.7257
75883.69,75601.18
8353.89,8388.837
269191.28,257232.44
31342.95,30974.025
6252.69,6639.2812
68788.01,66544.86
7054.2,6919.435
4615.32,4644.993
94864.84,96522.65
7857.07,7640.1533
139564.5,140528.81
58141.06,58122.805
111529.15,111054.65
107102.74,110759.15
845.63,971.6037
226.12,195.93102
62511.07,62137.906
5290.68,5244.9834
3903.8,3938.07
42174.35,42886.184
1472.23,1391.2959
33279.06,34139.65
5807.74,5759.2847
172537.64,172454.44
11969.14,11840.931
3207.64,3126.2314
788.64,710.5645
6821.71,6774.708
5186.69,5242.3584
5682.92,5778.61
101818.68,98839.66
3243.0,3160.8486
1817.28,1954.1594
14240.25,13694.823
21854.34,22403.291
51080.85,34609.03
12285.93,12458.475
10715.98,10498.929
394.21,552.1458
1510.45,1432.1998
187.6,136.19077
123973.76,126469.26
6133.12,6629.0923
4929.36,4891.196
8938.75,8866.294
228545.06,228489.61
2252.98,2156.6162
1666.12,1594.003
913.43,936.5125
64477.62,64796.867
3160.01,3048.3054
5332.11,5353.4062
970.0,1002.0898
10311.51,10037.867
11078.02,11198.672
393.16,359.68256
6036.12,6063.412
9885.13,10184.335
6933.35,6743.987
81487.26,80206.5
26031.12,26567.738
18910.02,18834.084
348915.86,352154.62
188.67,100.63328
2933.62,2788.009
4716.09,4784.9614
4347.08,4360.3975
8843.06,8621.788
4268.4,4300.121
34175.39,34866.72
244.27,242.09163
90501.68,88480.97
615.1,489.18555
11056.73,11171.316
8597.04,8809.87
15697.66,16788.682
4250.35,4148.6357
13025.01,12853.894
19631.98,19583.312
108854.43,107068.164
16830.07,16639.664
589078.22,579871.56
23463.63,22733.926
55938.26,56602.215
886.8,944.74786
223106.72,217758.28
2610.66,2509.226
232051.82,233326.39
2889.0,2789.6565
894.66,944.8519
5007.45,5144.7153
1615.21,1674.2803
20396.79,19938.75
3317.98,3171.8657
10561.7,10488.797
424.4,516.8908
56658.99,55833.414
931.36,1087.7285
7743.24,7831.521
23667.59,24196.7
7665.81,7628.52
6747.84,6642.1567
50720.11,51155.55
3735.54,3851.952
19887.6,19923.629
14192.91,13678.677
12293.67,12090.235
146629.47,145888.16
3568.12,3464.6194
1643.75,1696.0924
1327.7,1421.4869
11346.24,11359.488
4502.46,4492.3633
1496.31,1553.7589
5876.38,6033.4263
2774.82,2766.9575
235526.55,247129.44
58645.55,58275.56
23103.01,23053.006
14830.99,14890.276
32060.84,32315.48
49962.62,50880.246
129024.4,129702.914
2463.95,2238.8127
33298.92,33460.055
71630.25,70367.55
1001.28,1086.5983
750.48,690.3864
75773.88,70785.85
17651.3,17650.219
28620.54,28485.404
5921.3,6282.79
3565.36,3937.0183
4515.85,4491.8276
41331.22,41717.477
22218.2,22716.4
128518.02,128488.65
1662.04,1645.5233
854.05,829.71216
323156.4,320871.72
1007.97,1152.6161
3470.84,3413.2585
23654.37,23820.97
5529.69,5652.699
12445.82,12431.046
5319.95,5498.521
157120.92,158111.78
81686.8,80968.664
13409.28,14004.047
8009.39,8010.969
18652.38,18810.285
48277.04,47380.137
84284.36,84872.92
427.02,330.73044
4318.47,4312.9653
13034.92,13128.226
3758.72,3847.4077
6226.73,6295.552
263.57,222.42662
12962.08,13109.2295
31242.04,31566.742
7952.2,7819.227
2802.36,2677.1697
5786.93,6278.06
237098.52,243471.06
31982.88,32303.908
3784.79,3751.5398
22664.02,23075.479
53891.14,53859.465
8367.26,8117.1333
7795.83,7810.585
23348.87,22892.654
1813.69,1818.3301
19619.9,19763.662
8996.26,9039.758
438.97,376.65186
227.25,214.44276
7244.28,7038.3027
930.36,1073.7874
736.44,619.8362
19836.9,19577.895
814.0,994.41565
12167.72,12438.813
6218.6,6221.906
5069.55,5146.8696
16941.29,17024.277
1052.72,1174.3331
5095.62,5221.5176
157081.52,157458.12
6897.41,6771.3867
508965.02,543039.3
17627.79,17470.693
401.63,379.42648
224461.62,227180.25
138119.15,139477.66
248842.36,250008.88
26027.44,26569.094
770.63,762.1277
724.7,841.161
8839.4,8617.857
9516.62,9928.934
432.22,550.2253
23518.88,22812.0
12922.62,12884.965
1570.32,1582.7799
59177.87,58381.746
19854.61,19621.04
16355.36,16360.904
719.98,720.14087
12885.69,12864.173
1520.26,1567.2394
2426.98,2445.1968
63940.18,64153.08
19396.83,19227.303
35404.87,34745.418
16684.53,17118.3
43806.1,44439.45
287204.26,291250.03
3066.23,2954.9617
497.66,514.3236
8196.89,7689.2935
2274.22,2084.5596
12482.54,12568.555
34411.12,34945.254
230577.11,230194.47
2201.28,2125.9868
88306.96,88056.66
70204.08,68756.39
25244.56,25134.908
37986.15,37944.715
23967.6,23302.65
1830.49,1937.0621
11241.25,12069.035
119941.65,119131.22
97486.38,96880.29
34322.48,35173.195
1846.36,1894.2573
16892.94,16415.973
20017.17,19786.74
340579.35,341234.16
56853.3,56863.273
255272.3,255014.52
11826.99,11950.577
3766.46,3847.338
51399.1,52090.285
135510.48,134891.84
73615.46,74474.86
20007.88,19667.744
24314.43,23735.24
339567.93,339759.84
4371.3,4291.5356
114113.35,113727.89
110265.89,112656.41
43274.09,43505.348
706.5,679.0981
703.38,677.70514
1746.16,1749.4469
1018.44,1085.065
1790.86,1921.004
3389.13,3428.4768
1673.27,1658.5452
810.09,969.2705
31066.84,31444.732
10090.54,10061.789
6683.49,6733.542
115392.8,121103.89
18831.23,18564.65
11582.71,11855.094
25270.74,25351.514
232953.34,235469.19
1474.62,1527.2458
26873.97,25338.266
441.49,329.33054
3002.68,2965.0583
185162.73,180612.19
48722.9,49396.273
5934.92,6030.454
84673.8,84027.89
6027.22,6164.9004
120562.83,120784.89
6412.13,6816.989
200758.38,201467.92
154820.92,162444.56
25137.56,24583.574
391345.44,391495.7
11194.72,11397.75
626.33,660.26117
30397.1,31778.94
26978.76,27027.846
7238.29,7124.6436
2214.96,2100.6545
47135.44,49831.84
198.52,99.164955
5041.88,5117.8003
5815.27,6288.2188
34520.42,34574.414
32313.16,31465.564
14384.72,13911.039
1769.02,1838.7938
21830.44,21039.31
35604.0,35422.535
24339.77,24555.68
1789.24,1780.4009
49353.64,50611.37
4034.61,3915.429
160006.18,159200.84
76968.9,76299.24
20884.93,20653.422
52290.66,50507.773
81154.74,79827.664
113377.13,112649.96
7815.35,7605.2397
268817.55,358533.12
5760.62,7354.914
26132.72,26087.963
1684.98,1756.4628
52341.44,53031.93
40160.6,41099.516
103359.04,102644.266
605.23,479.49646
321608.29,323990.25
5702.42,5784.8267
14442.13,15028.702
5042.99,5090.321
4596.38,4655.7285
444.96,546.002
18892.76,18128.787
255076.76,251840.06
1827.56,1920.8259
227157.16,227277.8
436.12,391.636
4121.57,4142.6694
2973.81,2803.6257
30874.82,31273.713
193847.16,189519.75
1159.27,1188.6779
12954.38,12637.229
2722.02,2740.623
944.66,1029.0276
12918.63,12858.288
7389.54,7332.235
58067.63,57955.91
11449.3,11566.895
48704.24,48345.195
80819.99,80753.89
120362.76,110211.45
100045.26,98195.805
4227.09,4299.6333
19095.42,19230.564
66084.47,66267.15
97125.08,97265.07
157969.7,158758.17
11539.6,11802.25
9139.44,9142.825
7630.84,7659.3867
448.4,396.82953
10768.9,10717.925
63225.85,63418.76
24431.46,24598.56
13149.43,13196.214
3469.32,3426.8125
62894.74,64375.35
16351.74,15825.38
24914.13,25208.457
165309.84,164338.33
5101.86,5167.2573
16236.72,16432.57
1745.99,1872.9329
4329.12,4615.9756
5560.24,5784.111
5219.78,5436.7363
19708.52,19669.264
2326.97,2374.0847
15098.69,14847.01
30049.88,29526.574
23125.32,22881.104
1825.82,2365.067
15002.72,14977.322
109698.28,110283.87
1359.3,1437.6033
16291.56,16363.636
94740.78,94354.59
143352.11,143203.66
39700.6,40108.21
4426.9,4338.3716
42870.0,42516.223
2632.92,2703.4722
3261.73,3122.7583
177893.55,177773.64
6710.15,6628.188
82361.85,83132.305
4830.0,4861.045
136815.3,136270.06
73719.67,73883.08
28643.63,28664.133
17467.36,17490.35
3655.56,3573.8555
10378.62,10931.653
1573.75,1649.5022
72907.9,72768.125
7176.19,6972.5825
185809.74,181127.25
839.97,873.12854
14849.57,14865.618
11021.75,11112.378
14061.44,14266.765
1834.58,1903.5892
135583.54,135530.14
92556.51,90526.086
51985.35,52040.613
80552.49,78875.26
3694.86,3623.85
51967.89,50615.438
16659.01,16801.29
21869.11,21698.783
8069.98,8159.007
26874.19,26101.312
630.02,491.61966
1572.19,1658.6785
5307.18,5631.216
36024.62,36427.004
21234.18,20706.166
5137.32,5176.557
5504.03,5690.6523
208.09,159.57234
9889.92,9432.557
38988.82,38463.043
55599.45,57274.805
2203.25,2148.0693
3967.14,3939.347
12344.31,12437.226
1694.14,1907.3616
14859.91,14900.638
5068.29,5147.775
172194.12,173670.95
5337.54,5502.3096
1628.57,1753.4252
234295.57,232685.12
16837.51,16652.217
32513.62,31470.104
7026.58,6420.864
94721.76,91307.09
11079.39,11228.311
94042.12,93572.164
55433.18,55001.652
149561.86,146707.67
116147.3,117165.99
4624.28,4642.386
19907.03,19903.709
480.09,550.7333
56090.47,56565.684
55101.43,53468.18
27717.65,26728.803
6504.8,6271.592
20251.95,20282.496
3202.54,3260.7808
28565.71,28120.615
14386.41,13988.419
21358.08,20877.602
25724.68,24846.906
8399.18,8197.001
6328.63,6374.0684
1417.88,1407.2372
13571.67,13500.413
8591.04,8103.135
39056.0,39653.953
1579.43,1681.0975
261.27,231.17628
3625.72,3547.657
37951.14,37991.367
431.07,502.64575
5482.55,5913.1094
106913.28,104293.47
21017.71,20636.574
155954.01,156503.73
10664.52,11033.341
14664.51,14530.293
10119.1,10323.658
1677.71,1810.4348
1822.89,1950.0581
9648.3,9721.539
89010.8,89526.34
4897.0,5036.6147
1529.52,1648.3723
166999.04,167739.23
6402.91,6250.497
6332.97,6277.0776
5645.7,5697.1045
6476.32,6918.6636
51860.9,51354.6
2269.41,2155.5615
39950.77,39919.184
63011.78,62713.152
125402.21,128964.05
156201.47,152215.8
1870.2,2104.712
4935.28,4898.091
20385.93,19940.912
31822.74,31846.27
39546.49,39791.94
870.78,939.8186
135268.7,136368.52
4017.45,3818.9
273348.2,270058.1
1280.83,1249.7289
6449.31,6421.3833
1760.23,1856.9564
11353.17,11366.172
248287.65,243383.72
19932.76,19925.316
31146.85,30834.514
5707.74,5593.0957
1841.27,2007.7634
314722.15,316561.97
32746.36,32298.45
1696.74,2248.6982
3722.8,3605.3906
41683.64,41918.285
9627.44,9789.928
12098.67,12067.87
223.71,193.41246
1414.52,1352.57
455.58,401.14786
58105.69,58915.402
90284.07,90874.3
53192.05,53062.742
11260.3,11539.737
229853.2,225716.14
169251.88,170495.52
25110.23,25173.943
5986.69,5898.508
22035.63,21916.951
486.54,510.38885
12565.74,11831.203
4431.12,4315.3247
1739.73,1741.6072
3178.11,3021.9636
16593.96,16417.898
18211.34,17971.6
448.76,507.50745
3256.92,3196.137
225285.14,227141.45
833.04,971.91486
57276.96,56676.22
5837.79,5936.765
26959.63,27010.963
84169.41,82257.97
12213.92,11666.872
12409.27,12459.41
5714.81,5741.1963
6475.61,6256.5767
6240.36,6502.4907
57839.61,57910.44
3307.14,2730.3145
60259.7,61009.105
12953.46,12634.831
78525.45,78643.75
26948.85,31004.281
5282.94,5349.8667
106241.88,104910.1
3802.36,3768.4358
73952.76,72578.74
43909.18,43171.145
20745.88,20053.725
484.6,563.3557
4331.85,4359.6997
8349.87,8526.433
4226.52,3722.4346
29534.99,28907.275
490.26,509.92816
3365.12,3425.45
116862.66,117970.4
1931.11,2038.924
65375.43,65349.504
3025.99,2881.807
30657.08,30511.451
22018.43,21654.469
1824.26,2303.585
22911.26,22490.686
836.55,863.12946
4810.94,4780.4585
1179.55,1192.7781
32304.6,31889.389
58201.27,56884.793
383977.53,384731.28
7756.61,7673.9653
39699.99,40074.676
396.81,251.92902
71103.02,70885.086
1737.3,1764.5502
401042.63,407391.25
3748.65,3777.6921
5142.62,5212.901
7856.11,7575.174
18917.33,18590.379
68746.54,72771.695
7310.36,7040.0073
6228.71,5438.6553
8270.99,8526.433
25243.19,23447.059
24828.34,24457.545
305980.56,309093.7
4578.83,4644.445
10901.76,11052.643
62512.97,61598.707
4436.39,4504.7373
25508.0,23460.955
139048.61,139403.42
9109.77,9138.286
9287.5,9332.2295
10303.44,10372.422
50179.91,50494.117
12367.53,12213.582
17560.36,17525.818
1190.73,1382.7201
905.38,947.20593
1769.48,1285.6195
486.84,514.40753
53838.1,53978.4
6718.72,6707.804
25112.24,24194.918
10582.82,10946.598
6363.1,6523.152
3471.5,3422.4153
67539.84,69441.945
12067.73,12275.138
6142.2,6065.752
169247.25,169790.89
18149.61,18178.982
3121.46,3016.1462
6123.36,6159.1387
1641.45,1721.6517
9534.95,9566.88
243.54,232.57402
63363.37,72752.36
75839.25,75416.09
58212.35,58020.785
4995.03,5015.469
3380.11,3438.8982
17081.9,16662.732
2509.61,2244.2327
3904.42,3874.4075
1402.87,1478.3712
931.0,1074.3671
32495.96,32836.61
358957.17,357541.25
17567.92,17027.35
8244.9,8550.47
660.45,727.7866
445.71,522.89044
5334.9,5341.213
4767.46,4672.0034
3251.66,3345.0461
1715.68,1887.1193
19391.58,19296.121
230.65,214.40921
7605.33,7498.2017
712.65,768.65686
8482.79,8428.471
4390.49,4358.148
13517.3,13909.959
130757.84,131092.3
49299.84,48470.92
15771.06,16053.144
489218.69,485647.78
14233.1,13673.56
3359.22,3286.7917
5332.9,5252.674
43518.86,44673.906
404736.34,402586.38
4398.22,4447.9683
97235.77,96420.82
162487.6,164570.16
11575.65,12490.238
6227.74,6642.6777
18466.52,18111.709
47562.38,49733.645
66110.7,66954.63
11428.29,11555.2705
1335.51,1391.5371
6494.28,6581.3325
1445.34,1437.5779
5842.76,5960.456
84243.53,83366.69
916.32,924.7403
893.57,851.9887
5585.89,5685.707
60227.12,70002.6
1462.3,1594.0548
2799.86,2685.65
23951.58,24133.66
2446.77,2458.3923
7762.44,7825.1855
12367.84,11753.153
41811.5,41721.867
1621.84,1712.4801
1412.07,1422.3846
9072.16,9311.79
21582.21,21230.807
453.42,420.2048
16563.29,16812.377
38331.91,38294.56
18855.66,18815.102
200742.36,201060.22
12316.57,12267.175
144529.48,143862.95
5589.28,5666.5947
4411.61,4477.6235
22099.0,23729.02
6597.84,6699.5186
6498.79,6297.6353
5958.06,5906.8164
447382.65,448444.62
31457.19,32032.033
377317.1,346210.03
16826.44,16663.438
91454.86,89926.22
11790.05,11455.199
6153.08,6285.6465
27752.08,28084.713
4902.15,4892.904
5472.98,5650.6685
9357.0,9083.776
3656.16,3556.6904
18081.12,17852.277
3668.72,3634.4602
5215.78,5246.0913
5574.72,5525.966
22925.35,22349.867
7000.25,7007.2744
254.12,242.85426
23321.66,23000.184
12105.33,12296.228
6070.63,5928.498
230879.74,229331.84
1634.98,1591.881
28545.32,28050.223
145303.83,143648.83
17574.86,17020.857
5992.71,6046.7944
20051.69,19134.963
51267.34,52116.656
36835.78,36786.11
6251.87,6372.7163
8894.28,9046.662
55703.56,55453.707
32519.28,32206.467
33865.08,33722.348
84577.43,86143.17
7207.56,7519.54
4305.24,4303.81
5987.08,6058.699
62976.8,63434.125
1506.96,1638.5931
5624.34,5787.7236
3375.41,3290.0657
236664.03,238445.48
20138.81,19137.877
51845.9,52406.023
8236.32,8206.989
1575.2,1672.7397
10681.49,10670.767
6567.96,6928.6816
73251.04,72292.3
24430.94,24008.406
2708.18,2494.4094
8641.8,8586.187
369907.38,374570.9
1723.93,1785.3774
44996.91,44857.605
9459.58,9894.049
5234.68,5235.026
2468.81,2555.2031
126011.84,124929.35
312397.33,311180.72
21073.39,20757.049
889.38,968.25964
18459.16,18565.05
3953.72,4195.3877
338270.16,301050.25
2718.25,2616.0159
426.21,513.4218
16623.99,17101.496
6421.19,6444.0854
5182.97,5243.6387
1213.91,1386.2532
10351.74,10665.451
20306.03,20711.01
37958.67,37954.15
1716.71,1791.2427
3216.51,3139.5269
16290.3,16358.769
107651.24,108864.625
24992.88,25124.709
1580.29,1576.273
844.72,945.2177
327830.48,327997.66
1703.74,1745.262
192664.26,195080.89
824.16,693.04517
122979.84,122083.945
49592.65,49290.555
3016.04,2927.2136
257164.5,257262.56
8251.6,8309.437
3365.6,3316.4324
9084.23,8974.808
1820.88,1934.8315
1090.25,863.3521
38699.5,39912.19
1695.21,1673.6913
173057.1,171893.47
7835.81,7868.88
2677.09,2438.625
4043.25,3939.345
259627.28,242469.6
4116.49,4178.839
4790.71,4775.194
203.91,90.84585
169355.86,169091.34
28684.92,28055.738
18227.12,18179.23
48424.68,48359.805
89251.96,89824.31
73090.66,73277.04
3316.0,3196.137
232.32,192.71469
806.85,954.5567
23467.81,23373.875
3255.32,3204.6045
32707.68,32609.873
59316.76,59328.504
11170.14,11343.259
14962.73,14522.837
155250.38,152953.94
9192.63,9355.436
171569.14,171782.7
42124.2,43225.266
27308.46,26077.414
86745.49,86439.18
7607.23,7648.719
65847.1,65488.266
3966.65,3958.9656
862.06,1006.7419
17239.68,17013.832
162466.3,164636.7
84041.4,82324.28
15763.77,15505.561
31835.81,32345.906
1449.99,1416.9221
1166.06,1119.565
38020.86,37510.305
90585.86,89337.09
22061.48,21698.383
10642.88,10432.186
10933.97,11173.648
590841.46,595926.56
3335.81,3368.3618
1690.75,1735.9656
23972.96,24306.941
3098.27,3013.1582
75678.84,77795.37
214968.5,206730.66
6118.31,5987.879
163809.11,162509.66
1457.04,1401.7467
108323.68,108134.88
1740.02,1875.8431
34045.36,35165.914
72189.45,72463.37
1872.16,2040.8242
31732.98,31651.01
173342.35,171726.66
1343.04,1381.5092
803.26,788.4987
137031.65,136396.58
4996.13,4895.984
25333.2,25537.816
55287.04,55533.395
9317.95,9438.453
234680.3,233076.38
820.5,800.1736
1586.44,1701.6925
11366.35,10731.112
3408.62,3344.39
9874.86,8792.379
47612.91,49096.855
6527.7,6930.6436
5549.25,5787.7236
4057.13,3918.677
517.14,512.0849
1811.37,1950.742
1783.51,1758.2858
3045.01,2969.2185
146659.7,143694.11
7281.04,6780.25
16964.12,16539.328
26407.02,27080.826
9013.02,9282.917
18536.08,18301.42
15141.51,15057.455
25767.64,25992.393
6025.46,6112.912
24859.29,25290.414
342562.76,341705.66
9705.47,10040.543
1640.37,1656.6876
30071.51,29659.268
6130.33,6628.2
154168.61,157575.3
40348.65,42174.74
22536.05,22339.727
52975.31,52223.754
23679.18,24215.16
99470.56,101459.39
201.98,158.10078
19322.01,19230.43
11498.78,11449.073
869.86,941.0747
2981.61,2960.8662
49034.25,49361.0
757.83,705.69653
1768.63,1794.6998
6942.37,6690.5684
20974.35,20767.715
1529.76,1638.5472
55677.2,55473.844
6591.61,6716.0767
5233.08,5311.2896
10647.58,10945.172
58214.52,58465.582
2748.5,2707.8743
6291.95,6317.6655
23747.87,22712.129
48102.59,50599.652
4251.74,4605.6143
20737.86,20802.143
1851.61,2021.9885
56509.74,56050.727
6647.44,6314.171
773.18,711.07935
1342.24,1386.0127
10430.68,10068.118
17792.16,17650.998
49327.52,49374.08
540.16,373.32578
7141.25,6751.7515
2907.67,2783.1096
38259.42,37941.957
44360.17,44222.945
381938.18,375372.66
5737.27,6024.237
479615.43,488049.34
7785.45,7869.133
17869.96,19121.777
457.61,536.49664
1322.7,1384.0277
6292.76,6672.037
3491.1,3477.9644
187105.98,183372.08
11585.56,11530.864
5593.34,5584.101
3837.7,3809.773
2502.24,2342.0002
1203.18,1387.4882
24803.03,24892.037
13969.3,14384.954
11764.93,11935.752
23535.78,22841.523
22090.68,21921.643
69575.24,111566.97
12822.55,13388.34
3035.25,2983.254
3687.06,3629.506
13010.26,13101.946
21571.44,21234.629
70784.83,70534.47
169255.68,170660.14
1638.22,1595.559
3266.39,3196.8242
19336.11,18848.877
220213.1,220122.77
7499.17,7819.3257
66893.06,66262.17
24408.22,23773.291
29683.89,30271.441
844.1,720.478
898.72,956.07477
10305.23,10464.192
73054.62,72463.52
16736.95,15805.845
1597.95,1689.1097
25822.4,25804.42
13702.56,13497.948
5030.73,5196.586
3135.24,3118.4573
4687.44,4653.858
6359.78,6527.2397
4781.13,4826.864
1345.35,1383.0148
5200.0,5436.799
11999.5,12100.282
5901.7,5587.4365
713.89,615.9979
16206.88,15961.673
6199.34,6065.956
1133.59,1373.2898
15039.02,15404.054
10344.66,10675.403
22012.06,21714.195
3619.02,3650.1338
370.46,254.82402
24283.88,23749.998
246.97,234.02933
3174.25,3112.0623
1751.9,1876.8444
88035.48,87512.8
6992.83,6442.6255
22222.65,21936.943
28945.94,28244.996
207.11,180.03258
91775.34,91222.7
1563.37,1496.9966
15794.87,16250.714
119472.52,120098.87
22911.82,23482.666
898.28,1015.90186
413.45,333.25165
546312.99,532409.5
4393.91,4451.957
12433.64,12552.235
1775.67,1864.4586
6449.51,6407.3706
70035.33,68713.84
4243.39,4293.769
24617.7,24644.947
31842.63,33421.113
143980.77,143187.22
